rosbagTimestamp,header,seq,stamp,secs,nsecs,frame_id,orientation,x,y,z,w,orientation_covariance,angular_velocity,x,y,z,angular_velocity_covariance,linear_acceleration,x,y,z,linear_acceleration_covariance
1579257403669257432,,1565,,1579257403,668891371,"""base_link""",,-0.000234903542299,0.0321579317813,0.439858599317,-0.897491072296,"[1.0, 0.0, 0.0, 0.0, 1.0, 0.0, 0.0, 0.0, 1.0]",,-0.14461517334,-0.902301311493,0.162192836404,"[1.2184696791468346e-07, 0.0, 0.0, 0.0, 1.2184696791468346e-07, 0.0, 0.0, 0.0, 1.2184696791468346e-07]",,-0.1765197,0.89240515,11.46397385,"[8.999999999999999e-08, 0.0, 0.0, 0.0, 8.999999999999999e-08, 0.0, 0.0, 0.0, 8.999999999999999e-08]"
1579257403917005128,,1566,,1579257403,916859353,"""base_link""",,0.132869693937,0.139787482327,0.414288763973,-0.889477332068,"[1.0, 0.0, 0.0, 0.0, 1.0, 0.0, 0.0, 0.0, 1.0]",,-0.810142815113,-1.11224615574,0.409029394388,"[1.2184696791468346e-07, 0.0, 0.0, 0.0, 1.2184696791468346e-07, 0.0, 0.0, 0.0, 1.2184696791468346e-07]",,2.55953565,-1.26505785,9.414384,"[8.999999999999999e-08, 0.0, 0.0, 0.0, 8.999999999999999e-08, 0.0, 0.0, 0.0, 8.999999999999999e-08]"
1579257404142694842,,1567,,1579257404,142275729,"""base_link""",,0.236249004873,0.160471335894,0.371148090246,-0.88356349696,"[1.0, 0.0, 0.0, 0.0, 1.0, 0.0, 0.0, 0.0, 1.0]",,-0.470029741526,-0.0693419203162,0.324596196413,"[1.2184696791468346e-07, 0.0, 0.0, 0.0, 1.2184696791468346e-07, 0.0, 0.0, 0.0, 1.2184696791468346e-07]",,2.75566865,-2.6674088,8.46313895,"[8.999999999999999e-08, 0.0, 0.0, 0.0, 8.999999999999999e-08, 0.0, 0.0, 0.0, 8.999999999999999e-08]"
1579257404384951502,,1568,,1579257404,384781687,"""base_link""",,0.231359284493,0.124189119744,0.375237637917,-0.88895818749,"[1.0, 0.0, 0.0, 0.0, 1.0, 0.0, 0.0, 0.0, 1.0]",,0.29152661562,0.631460428238,-0.194380357862,"[1.2184696791468346e-07, 0.0, 0.0, 0.0, 1.2184696791468346e-07, 0.0, 0.0, 0.0, 1.2184696791468346e-07]",,3.85401345,-3.2754211,9.28689755,"[8.999999999999999e-08, 0.0, 0.0, 0.0, 8.999999999999999e-08, 0.0, 0.0, 0.0, 8.999999999999999e-08]"
1579257404643417397,,1569,,1579257404,643234453,"""base_link""",,0.150595043078,0.0909123122286,0.419713903354,-0.890447260548,"[1.0, 0.0, 0.0, 0.0, 1.0, 0.0, 0.0, 0.0, 1.0]",,0.455776691437,0.564311623573,-0.363248288631,"[1.2184696791468346e-07, 0.0, 0.0, 0.0, 1.2184696791468346e-07, 0.0, 0.0, 0.0, 1.2184696791468346e-07]",,3.3146477,-1.71616375,10.1204628,"[8.999999999999999e-08, 0.0, 0.0, 0.0, 8.999999999999999e-08, 0.0, 0.0, 0.0, 8.999999999999999e-08]"
1579257404880136613,,1570,,1579257404,879726160,"""base_link""",,0.0876155692996,0.0403539876789,0.448530033034,-0.888547059621,"[1.0, 0.0, 0.0, 0.0, 1.0, 0.0, 0.0, 0.0, 1.0]",,0.129847630858,0.74060690403,-0.0893314853311,"[1.2184696791468346e-07, 0.0, 0.0, 0.0, 1.2184696791468346e-07, 0.0, 0.0, 0.0, 1.2184696791468346e-07]",,1.83384355,-0.57859235,9.1201845,"[8.999999999999999e-08, 0.0, 0.0, 0.0, 8.999999999999999e-08, 0.0, 0.0, 0.0, 8.999999999999999e-08]"
1579257405124662483,,1571,,1579257405,124465974,"""base_link""",,0.0512094947201,-0.0462744842148,0.462226476654,-0.884071798013,"[1.0, 0.0, 0.0, 0.0, 1.0, 0.0, 0.0, 0.0, 1.0]",,-0.195785343647,0.461203634739,-0.187165215611,"[1.2184696791468346e-07, 0.0, 0.0, 0.0, 1.2184696791468346e-07, 0.0, 0.0, 0.0, 1.2184696791468346e-07]",,-0.1765197,-1.0983448,9.38496405,"[8.999999999999999e-08, 0.0, 0.0, 0.0, 8.999999999999999e-08, 0.0, 0.0, 0.0, 8.999999999999999e-08]"
1579257405348497545,,1572,,1579257405,348274646,"""base_link""",,0.0945827617624,0.0421774919681,0.488587414143,-0.866347216242,"[1.0, 0.0, 0.0, 0.0, 1.0, 0.0, 0.0, 0.0, 1.0]",,0.272471129894,-1.55429339409,-0.218605071306,"[1.2184696791468346e-07, 0.0, 0.0, 0.0, 1.2184696791468346e-07, 0.0, 0.0, 0.0, 1.2184696791468346e-07]",,1.6082906,-1.14737805,8.825985,"[8.999999999999999e-08, 0.0, 0.0, 0.0, 8.999999999999999e-08, 0.0, 0.0, 0.0, 8.999999999999999e-08]"
1579257405600021238,,1573,,1579257405,599625526,"""base_link""",,0.146274840977,0.224339124191,0.472884479877,-0.839437845791,"[1.0, 0.0, 0.0, 0.0, 1.0, 0.0, 0.0, 0.0, 1.0]",,0.392286986113,-1.27509498596,-0.0263694990426,"[1.2184696791468346e-07, 0.0, 0.0, 0.0, 1.2184696791468346e-07, 0.0, 0.0, 0.0, 1.2184696791468346e-07]",,2.65760215,-0.1569064,8.63965865,"[8.999999999999999e-08, 0.0, 0.0, 0.0, 8.999999999999999e-08, 0.0, 0.0, 0.0, 8.999999999999999e-08]"
1579257405833424770,,1574,,1579257405,833276570,"""base_link""",,0.143159156011,0.298440259933,0.458706292809,-0.824637741217,"[1.0, 0.0, 0.0, 0.0, 1.0, 0.0, 0.0, 0.0, 1.0]",,0.260352939367,0.350458860397,-0.0377517305315,"[1.2184696791468346e-07, 0.0, 0.0, 0.0, 1.2184696791468346e-07, 0.0, 0.0, 0.0, 1.2184696791468346e-07]",,5.1190713,0.8825985,9.30651085,"[8.999999999999999e-08, 0.0, 0.0, 0.0, 8.999999999999999e-08, 0.0, 0.0, 0.0, 8.999999999999999e-08]"
1579257406092725970,,1575,,1579257406,92554704,"""base_link""",,0.0463499737761,0.20534261077,0.457745184055,-0.863802893378,"[1.0, 0.0, 0.0, 0.0, 1.0, 0.0, 0.0, 0.0, 1.0]",,0.452422499657,1.31319344044,0.00319580221549,"[1.2184696791468346e-07, 0.0, 0.0, 0.0, 1.2184696791468346e-07, 0.0, 0.0, 0.0, 1.2184696791468346e-07]",,4.3933792,1.42196425,8.8455983,"[8.999999999999999e-08, 0.0, 0.0, 0.0, 8.999999999999999e-08, 0.0, 0.0, 0.0, 8.999999999999999e-08]"
1579257406319967412,,1576,,1579257406,319582736,"""base_link""",,-0.0615690044488,0.085086326934,0.436825564329,-0.893394090538,"[1.0, 0.0, 0.0, 0.0, 1.0, 0.0, 0.0, 0.0, 1.0]",,0.0245101358742,1.22869253159,0.12146949023,"[1.2184696791468346e-07, 0.0, 0.0, 0.0, 1.2184696791468346e-07, 0.0, 0.0, 0.0, 1.2184696791468346e-07]",,1.67693715,2.5105024,8.99269805,"[8.999999999999999e-08, 0.0, 0.0, 0.0, 8.999999999999999e-08, 0.0, 0.0, 0.0, 8.999999999999999e-08]"
1579257406564326504,,1577,,1579257406,564175206,"""base_link""",,-0.0693849557868,-0.0611247241082,0.419122068402,-0.903208828451,"[1.0, 0.0, 0.0, 0.0, 1.0, 0.0, 0.0, 0.0, 1.0]",,-0.833886563778,1.10083413124,-0.0338083915412,"[1.2184696791468346e-07, 0.0, 0.0, 0.0, 1.2184696791468346e-07, 0.0, 0.0, 0.0, 1.2184696791468346e-07]",,-0.7060788,0.980665,9.16921775,"[8.999999999999999e-08, 0.0, 0.0, 0.0, 8.999999999999999e-08, 0.0, 0.0, 0.0, 8.999999999999999e-08]"
1579257406795687622,,1578,,1579257406,795469053,"""base_link""",,-0.0320857126657,-0.212875822345,0.410069430358,-0.886282942175,"[1.0, 0.0, 0.0, 0.0, 1.0, 0.0, 0.0, 0.0, 1.0]",,-0.591892242432,0.809064209461,-0.13406945765,"[1.2184696791468346e-07, 0.0, 0.0, 0.0, 1.2184696791468346e-07, 0.0, 0.0, 0.0, 1.2184696791468346e-07]",,-3.36368095,-1.0983448,9.01231135,"[8.999999999999999e-08, 0.0, 0.0, 0.0, 8.999999999999999e-08, 0.0, 0.0, 0.0, 8.999999999999999e-08]"
1579257407032168458,,1579,,1579257407,31774523,"""base_link""",,-0.00843623786564,-0.251876999671,0.445076928363,-0.859298164066,"[1.0, 0.0, 0.0, 0.0, 1.0, 0.0, 0.0, 0.0, 1.0]",,0.03021918796,-0.333352953196,-0.632941365242,"[1.2184696791468346e-07, 0.0, 0.0, 0.0, 1.2184696791468346e-07, 0.0, 0.0, 0.0, 1.2184696791468346e-07]",,-4.6875787,-1.93191005,8.825985,"[8.999999999999999e-08, 0.0, 0.0, 0.0, 8.999999999999999e-08, 0.0, 0.0, 0.0, 8.999999999999999e-08]"
1579257407274452811,,1580,,1579257407,274285592,"""base_link""",,0.0720974006673,-0.166744109245,0.515044156001,-0.837691998421,"[1.0, 0.0, 0.0, 0.0, 1.0, 0.0, 0.0, 0.0, 1.0]",,-0.154186353087,-1.272326231,-0.535334289074,"[1.2184696791468346e-07, 0.0, 0.0, 0.0, 1.2184696791468346e-07, 0.0, 0.0, 0.0, 1.2184696791468346e-07]",,-4.0207265,-2.22610955,9.0025047,"[8.999999999999999e-08, 0.0, 0.0, 0.0, 8.999999999999999e-08, 0.0, 0.0, 0.0, 8.999999999999999e-08]"
1579257407540905714,,1581,,1579257407,540716673,"""base_link""",,0.161632768397,-0.0584160528565,0.523172017328,-0.834717588909,"[1.0, 0.0, 0.0, 0.0, 1.0, 0.0, 0.0, 0.0, 1.0]",,0.0625710561872,-0.975334227085,-0.0564539916813,"[1.2184696791468346e-07, 0.0, 0.0, 0.0, 1.2184696791468346e-07, 0.0, 0.0, 0.0, 1.2184696791468346e-07]",,-0.55897905,-2.5301157,8.79656505,"[8.999999999999999e-08, 0.0, 0.0, 0.0, 8.999999999999999e-08, 0.0, 0.0, 0.0, 8.999999999999999e-08]"
1579257407759227460,,1582,,1579257407,758852957,"""base_link""",,0.189650923275,0.0504671160171,0.535502493131,-0.821415045731,"[1.0, 0.0, 0.0, 0.0, 1.0, 0.0, 0.0, 0.0, 1.0]",,0.284201830626,-0.946510314941,-0.344427615404,"[1.2184696791468346e-07, 0.0, 0.0, 0.0, 1.2184696791468346e-07, 0.0, 0.0, 0.0, 1.2184696791468346e-07]",,2.5105024,-2.5301157,9.0417313,"[8.999999999999999e-08, 0.0, 0.0, 0.0, 8.999999999999999e-08, 0.0, 0.0, 0.0, 8.999999999999999e-08]"
1579257407995146066,,1583,,1579257407,994902671,"""base_link""",,0.195009223999,0.154701698075,0.511002660847,-0.82274848391,"[1.0, 0.0, 0.0, 0.0, 1.0, 0.0, 0.0, 0.0, 1.0]",,0.662477135658,-0.377356082201,0.21742734313,"[1.2184696791468346e-07, 0.0, 0.0, 0.0, 1.2184696791468346e-07, 0.0, 0.0, 0.0, 1.2184696791468346e-07]",,4.79545185,-1.569064,8.3748791,"[8.999999999999999e-08, 0.0, 0.0, 0.0, 8.999999999999999e-08, 0.0, 0.0, 0.0, 8.999999999999999e-08]"
1579257408254720645,,1584,,1579257408,254537958,"""base_link""",,0.120984033851,0.182242562683,0.459372860572,-0.860887383384,"[1.0, 0.0, 0.0, 0.0, 1.0, 0.0, 0.0, 0.0, 1.0]",,0.730780601501,0.422716319561,0.479947268963,"[1.2184696791468346e-07, 0.0, 0.0, 0.0, 1.2184696791468346e-07, 0.0, 0.0, 0.0, 1.2184696791468346e-07]",,4.4326058,-0.14709975,8.63965865,"[8.999999999999999e-08, 0.0, 0.0, 0.0, 8.999999999999999e-08, 0.0, 0.0, 0.0, 8.999999999999999e-08]"
1579257408487004675,,1585,,1579257408,486683838,"""base_link""",,0.0378354454483,0.142566801861,0.39631400807,-0.906188938954,"[1.0, 0.0, 0.0, 0.0, 1.0, 0.0, 0.0, 0.0, 1.0]",,0.411048382521,0.801841437817,0.464252024889,"[1.2184696791468346e-07, 0.0, 0.0, 0.0, 1.2184696791468346e-07, 0.0, 0.0, 0.0, 1.2184696791468346e-07]",,1.79461695,1.44157755,9.36535075,"[8.999999999999999e-08, 0.0, 0.0, 0.0, 8.999999999999999e-08, 0.0, 0.0, 0.0, 8.999999999999999e-08]"
1579257408727712049,,1586,,1579257408,727535360,"""base_link""",,-0.0293517091831,0.0653223076732,0.3591693878,-0.930520727419,"[1.0, 0.0, 0.0, 0.0, 1.0, 0.0, 0.0, 0.0, 1.0]",,0.121598288417,0.931015253067,-0.124721854925,"[1.2184696791468346e-07, 0.0, 0.0, 0.0, 1.2184696791468346e-07, 0.0, 0.0, 0.0, 1.2184696791468346e-07]",,0.6080123,1.6671305,9.8851032,"[8.999999999999999e-08, 0.0, 0.0, 0.0, 8.999999999999999e-08, 0.0, 0.0, 0.0, 8.999999999999999e-08]"
1579257408956262007,,1587,,1579257408,956094641,"""base_link""",,-0.0604351188483,-0.0670156023237,0.376045974685,-0.922196253721,"[1.0, 0.0, 0.0, 0.0, 1.0, 0.0, 0.0, 0.0, 1.0]",,-0.318553686142,1.26812696457,-0.294538795948,"[1.2184696791468346e-07, 0.0, 0.0, 0.0, 1.2184696791468346e-07, 0.0, 0.0, 0.0, 1.2184696791468346e-07]",,-1.6671305,0.75511205,9.50264385,"[8.999999999999999e-08, 0.0, 0.0, 0.0, 8.999999999999999e-08, 0.0, 0.0, 0.0, 8.999999999999999e-08]"
1579257409203912341,,1588,,1579257409,203651710,"""base_link""",,-0.11813845675,-0.25101259855,0.399283335484,-0.873847125309,"[1.0, 0.0, 0.0, 0.0, 1.0, 0.0, 0.0, 0.0, 1.0]",,0.235074162483,1.96617889404,-0.433086693287,"[1.2184696791468346e-07, 0.0, 0.0, 0.0, 1.2184696791468346e-07, 0.0, 0.0, 0.0, 1.2184696791468346e-07]",,-5.01119815,-0.2353596,8.30623255,"[8.999999999999999e-08, 0.0, 0.0, 0.0, 8.999999999999999e-08, 0.0, 0.0, 0.0, 8.999999999999999e-08]"
1579257409445309185,,1589,,1579257409,445153571,"""base_link""",,-0.222887679043,-0.481036375189,0.404431258782,-0.745225096998,"[1.0, 0.0, 0.0, 0.0, 1.0, 0.0, 0.0, 0.0, 1.0]",,-0.28928938508,2.17470860481,-0.615717947483,"[1.2184696791468346e-07, 0.0, 0.0, 0.0, 1.2184696791468346e-07, 0.0, 0.0, 0.0, 1.2184696791468346e-07]",,-8.9044382,-0.48052585,3.54020065,"[8.999999999999999e-08, 0.0, 0.0, 0.0, 8.999999999999999e-08, 0.0, 0.0, 0.0, 8.999999999999999e-08]"
1579257409691757866,,1590,,1579257409,691577544,"""base_link""",,0.194480856776,0.659920155234,-0.306906377058,0.657640525504,"[1.0, 0.0, 0.0, 0.0, 1.0, 0.0, 0.0, 0.0, 1.0]",,-1.0508210659,1.51474905014,-0.114337444305,"[1.2184696791468346e-07, 0.0, 0.0, 0.0, 1.2184696791468346e-07, 0.0, 0.0, 0.0, 1.2184696791468346e-07]",,-9.87529655,-1.4709975,-0.20593965,"[8.999999999999999e-08, 0.0, 0.0, 0.0, 8.999999999999999e-08, 0.0, 0.0, 0.0, 8.999999999999999e-08]"
1579257409943467410,,1591,,1579257409,943240140,"""base_link""",,0.184540362922,0.773921031282,-0.219322504608,0.564702338196,"[1.0, 0.0, 0.0, 0.0, 1.0, 0.0, 0.0, 0.0, 1.0]",,-0.45406666398,0.56661093235,-0.0476294793189,"[1.2184696791468346e-07, 0.0, 0.0, 0.0, 1.2184696791468346e-07, 0.0, 0.0, 0.0, 1.2184696791468346e-07]",,-9.54187045,-1.0591182,-2.7066354,"[8.999999999999999e-08, 0.0, 0.0, 0.0, 8.999999999999999e-08, 0.0, 0.0, 0.0, 8.999999999999999e-08]"
1579257410182952607,,1592,,1579257410,182660316,"""base_link""",,0.168531140237,0.799218370877,-0.191265795851,0.544301980301,"[1.0, 0.0, 0.0, 0.0, 1.0, 0.0, 0.0, 0.0, 1.0]",,-0.212514251471,0.184118717909,-0.150376200676,"[1.2184696791468346e-07, 0.0, 0.0, 0.0, 1.2184696791468346e-07, 0.0, 0.0, 0.0, 1.2184696791468346e-07]",,-9.09076455,-1.2552512,-2.53992235,"[8.999999999999999e-08, 0.0, 0.0, 0.0, 8.999999999999999e-08, 0.0, 0.0, 0.0, 8.999999999999999e-08]"
1579257410402205749,,1593,,1579257410,401993609,"""base_link""",,0.137640670704,0.804920521268,-0.170168194635,0.551544001639,"[1.0, 0.0, 0.0, 0.0, 1.0, 0.0, 0.0, 0.0, 1.0]",,-0.163128480315,-0.031755220145,-0.235565513372,"[1.2184696791468346e-07, 0.0, 0.0, 0.0, 1.2184696791468346e-07, 0.0, 0.0, 0.0, 1.2184696791468346e-07]",,-9.09076455,-1.06892485,-3.0596748,"[8.999999999999999e-08, 0.0, 0.0, 0.0, 8.999999999999999e-08, 0.0, 0.0, 0.0, 8.999999999999999e-08]"
1579257410651396723,,1594,,1579257410,651209574,"""base_link""",,0.136448624452,0.813586402894,-0.184390177473,0.534283820045,"[1.0, 0.0, 0.0, 0.0, 1.0, 0.0, 0.0, 0.0, 1.0]",,0.145954877138,0.365982115269,0.151263386011,"[1.2184696791468346e-07, 0.0, 0.0, 0.0, 1.2184696791468346e-07, 0.0, 0.0, 0.0, 1.2184696791468346e-07]",,-9.0417313,-1.57887065,-4.4914457,"[8.999999999999999e-08, 0.0, 0.0, 0.0, 8.999999999999999e-08, 0.0, 0.0, 0.0, 8.999999999999999e-08]"
1579257410896374175,,1595,,1579257410,895981294,"""base_link""",,0.17589169194,0.831318850132,-0.155193933737,0.50387094087,"[1.0, 0.0, 0.0, 0.0, 1.0, 0.0, 0.0, 0.0, 1.0]",,-0.0573809631169,0.192918300629,0.13626652956,"[1.2184696791468346e-07, 0.0, 0.0, 0.0, 1.2184696791468346e-07, 0.0, 0.0, 0.0, 1.2184696791468346e-07]",,-8.83579165,-0.71588545,-4.8248718,"[8.999999999999999e-08, 0.0, 0.0, 0.0, 8.999999999999999e-08, 0.0, 0.0, 0.0, 8.999999999999999e-08]"
1579257411134726286,,1596,,1579257411,134525506,"""base_link""",,0.17476757067,0.849032382246,-0.118268250091,0.484368590187,"[1.0, 0.0, 0.0, 0.0, 1.0, 0.0, 0.0, 0.0, 1.0]",,-0.414553076029,0.236587613821,0.0821558311582,"[1.2184696791468346e-07, 0.0, 0.0, 0.0, 1.2184696791468346e-07, 0.0, 0.0, 0.0, 1.2184696791468346e-07]",,-8.50236555,-0.57859235,-5.0798447,"[8.999999999999999e-08, 0.0, 0.0, 0.0, 8.999999999999999e-08, 0.0, 0.0, 0.0, 8.999999999999999e-08]"
1579257411373424732,,1597,,1579257411,373083515,"""base_link""",,0.156245906783,0.82350599104,-0.127779377205,0.530186316399,"[1.0, 0.0, 0.0, 0.0, 1.0, 0.0, 0.0, 0.0, 1.0]",,0.343494653702,-0.876969754696,-0.0507274754345,"[1.2184696791468346e-07, 0.0, 0.0, 0.0, 1.2184696791468346e-07, 0.0, 0.0, 0.0, 1.2184696791468346e-07]",,-9.32612415,-1.18660465,-4.7856452,"[8.999999999999999e-08, 0.0, 0.0, 0.0, 8.999999999999999e-08, 0.0, 0.0, 0.0, 8.999999999999999e-08]"
1579257411612716447,,1598,,1579257411,612580200,"""base_link""",,0.175929164928,0.759059734505,-0.181575676819,0.599922930024,"[1.0, 0.0, 0.0, 0.0, 1.0, 0.0, 0.0, 0.0, 1.0]",,0.304499357939,-0.683068871498,0.305875629187,"[1.2184696791468346e-07, 0.0, 0.0, 0.0, 1.2184696791468346e-07, 0.0, 0.0, 0.0, 1.2184696791468346e-07]",,-9.7478101,-0.6864655,-1.36312435,"[8.999999999999999e-08, 0.0, 0.0, 0.0, 8.999999999999999e-08, 0.0, 0.0, 0.0, 8.999999999999999e-08]"
1579257411845527856,,1599,,1579257411,845352032,"""base_link""",,-0.154333945795,-0.667442759382,0.218926976092,-0.694818087893,"[1.0, 0.0, 0.0, 0.0, 1.0, 0.0, 0.0, 0.0, 1.0]",,0.08483646065,-1.1985938549,-0.139564961195,"[1.2184696791468346e-07, 0.0, 0.0, 0.0, 1.2184696791468346e-07, 0.0, 0.0, 0.0, 1.2184696791468346e-07]",,-10.1400761,-0.63743225,0.784532,"[8.999999999999999e-08, 0.0, 0.0, 0.0, 8.999999999999999e-08, 0.0, 0.0, 0.0, 8.999999999999999e-08]"
1579257412109239794,,1600,,1579257412,108834253,"""base_link""",,-0.151622047865,-0.529588578491,0.285170958193,-0.784362299411,"[1.0, 0.0, 0.0, 0.0, 1.0, 0.0, 0.0, 0.0, 1.0]",,0.679328978062,-1.5320622921,-0.141075178981,"[1.2184696791468346e-07, 0.0, 0.0, 0.0, 1.2184696791468346e-07, 0.0, 0.0, 0.0, 1.2184696791468346e-07]",,-9.9439431,-0.9610517,2.8047019,"[8.999999999999999e-08, 0.0, 0.0, 0.0, 8.999999999999999e-08, 0.0, 0.0, 0.0, 8.999999999999999e-08]"
1579257412336444098,,1601,,1579257412,336274741,"""base_link""",,-0.150243157862,-0.291750205842,0.391216934736,-0.859801210096,"[1.0, 0.0, 0.0, 0.0, 1.0, 0.0, 0.0, 0.0, 1.0]",,1.22560095787,-2.67820429802,-0.230947047472,"[1.2184696791468346e-07, 0.0, 0.0, 0.0, 1.2184696791468346e-07, 0.0, 0.0, 0.0, 1.2184696791468346e-07]",,-8.0218397,-0.16671305,5.81534345,"[8.999999999999999e-08, 0.0, 0.0, 0.0, 8.999999999999999e-08, 0.0, 0.0, 0.0, 8.999999999999999e-08]"
1579257412570389417,,1602,,1579257412,570292159,"""base_link""",,-0.0940219527366,0.0966386243007,0.484483721847,-0.864347367649,"[1.0, 0.0, 0.0, 0.0, 1.0, 0.0, 0.0, 0.0, 1.0]",,0.706329703331,-3.33045744896,0.0477246418595,"[1.2184696791468346e-07, 0.0, 0.0, 0.0, 1.2184696791468346e-07, 0.0, 0.0, 0.0, 1.2184696791468346e-07]",,-0.89240515,3.01064155,7.7864801,"[8.999999999999999e-08, 0.0, 0.0, 0.0, 8.999999999999999e-08, 0.0, 0.0, 0.0, 8.999999999999999e-08]"
1579257412824682667,,1603,,1579257412,824332272,"""base_link""",,0.0898254624696,0.374348444077,0.485696082991,-0.784789107771,"[1.0, 0.0, 0.0, 0.0, 1.0, 0.0, 0.0, 0.0, 1.0]",,-0.766612172127,-1.98830640316,0.352548927069,"[1.2184696791468346e-07, 0.0, 0.0, 0.0, 1.2184696791468346e-07, 0.0, 0.0, 0.0, 1.2184696791468346e-07]",,6.2370294,2.52030905,6.8450417,"[8.999999999999999e-08, 0.0, 0.0, 0.0, 8.999999999999999e-08, 0.0, 0.0, 0.0, 8.999999999999999e-08]"
1579257413067247635,,1604,,1579257413,67097414,"""base_link""",,0.227284925161,0.414252155665,0.449616287393,-0.758011812859,"[1.0, 0.0, 0.0, 0.0, 1.0, 0.0, 0.0, 0.0, 1.0]",,-0.807401895523,-0.425678133965,0.763991177082,"[1.2184696791468346e-07, 0.0, 0.0, 0.0, 1.2184696791468346e-07, 0.0, 0.0, 0.0, 1.2184696791468346e-07]",,7.8060934,0.980665,5.6290171,"[8.999999999999999e-08, 0.0, 0.0, 0.0, 8.999999999999999e-08, 0.0, 0.0, 0.0, 8.999999999999999e-08]"
1579257413299842879,,1605,,1579257413,299701920,"""base_link""",,0.374859386906,0.313878256618,0.417451313668,-0.765960365024,"[1.0, 0.0, 0.0, 0.0, 1.0, 0.0, 0.0, 0.0, 1.0]",,-1.0168582201,0.976247727871,1.24272155762,"[1.2184696791468346e-07, 0.0, 0.0, 0.0, 1.2184696791468346e-07, 0.0, 0.0, 0.0, 1.2184696791468346e-07]",,7.2176944,-2.7262487,5.5505639,"[8.999999999999999e-08, 0.0, 0.0, 0.0, 8.999999999999999e-08, 0.0, 0.0, 0.0, 8.999999999999999e-08]"
1579257413545420564,,1606,,1579257413,545077663,"""base_link""",,0.323126514969,0.0731926872305,0.358002551995,-0.87296406491,"[1.0, 0.0, 0.0, 0.0, 1.0, 0.0, 0.0, 0.0, 1.0]",,0.784314274788,1.80607068539,1.04853904247,"[1.2184696791468346e-07, 0.0, 0.0, 0.0, 1.2184696791468346e-07, 0.0, 0.0, 0.0, 1.2184696791468346e-07]",,2.7850886,-6.8254284,8.89463155,"[8.999999999999999e-08, 0.0, 0.0, 0.0, 8.999999999999999e-08, 0.0, 0.0, 0.0, 8.999999999999999e-08]"
1579257413772879774,,1607,,1579257413,772751112,"""base_link""",,0.165257907958,-0.0529086447622,0.356404607421,-0.918077477654,"[1.0, 0.0, 0.0, 0.0, 1.0, 0.0, 0.0, 0.0, 1.0]",,0.848279058933,1.21991896629,-0.0816983357072,"[1.2184696791468346e-07, 0.0, 0.0, 0.0, 1.2184696791468346e-07, 0.0, 0.0, 0.0, 1.2184696791468346e-07]",,0.16671305,-3.3931009,10.0616229,"[8.999999999999999e-08, 0.0, 0.0, 0.0, 8.999999999999999e-08, 0.0, 0.0, 0.0, 8.999999999999999e-08]"
1579257414022257752,,1608,,1579257414,22127315,"""base_link""",,0.0252074325185,-0.217616094397,0.386394474809,-0.89593924495,"[1.0, 0.0, 0.0, 0.0, 1.0, 0.0, 0.0, 0.0, 1.0]",,0.473812550306,2.25778436661,-0.090334251523,"[1.2184696791468346e-07, 0.0, 0.0, 0.0, 1.2184696791468346e-07, 0.0, 0.0, 0.0, 1.2184696791468346e-07]",,-3.334261,-0.85317855,9.0809579,"[8.999999999999999e-08, 0.0, 0.0, 0.0, 8.999999999999999e-08, 0.0, 0.0, 0.0, 8.999999999999999e-08]"
1579257414264049272,,1609,,1579257414,263672884,"""base_link""",,-0.0984191281518,-0.419420855194,0.425355896008,-0.795909657671,"[1.0, 0.0, 0.0, 0.0, 1.0, 0.0, 0.0, 0.0, 1.0]",,0.259007006884,1.96026563644,-0.880603194237,"[1.2184696791468346e-07, 0.0, 0.0, 0.0, 1.2184696791468346e-07, 0.0, 0.0, 0.0, 1.2184696791468346e-07]",,-6.42335575,-0.5295591,4.42279915,"[8.999999999999999e-08, 0.0, 0.0, 0.0, 8.999999999999999e-08, 0.0, 0.0, 0.0, 8.999999999999999e-08]"
1579257414503865473,,1610,,1579257414,503688882,"""base_link""",,0.0547204797748,0.528206413053,-0.525562761844,0.664670924342,"[1.0, 0.0, 0.0, 0.0, 1.0, 0.0, 0.0, 0.0, 1.0]",,-0.28547424078,-0.724999904633,-1.67034077644,"[1.2184696791468346e-07, 0.0, 0.0, 0.0, 1.2184696791468346e-07, 0.0, 0.0, 0.0, 1.2184696791468346e-07]",,-9.1201845,-3.9814999,3.6676871,"[8.999999999999999e-08, 0.0, 0.0, 0.0, 8.999999999999999e-08, 0.0, 0.0, 0.0, 8.999999999999999e-08]"
1579257414748023621,,1611,,1579257414,747838263,"""base_link""",,0.154920865702,-0.38510236188,0.589410920209,-0.693029915215,"[1.0, 0.0, 0.0, 0.0, 1.0, 0.0, 0.0, 0.0, 1.0]",,0.240825563669,-2.57696032524,-0.374303907156,"[1.2184696791468346e-07, 0.0, 0.0, 0.0, 1.2184696791468346e-07, 0.0, 0.0, 0.0, 1.2184696791468346e-07]",,-4.118793,-7.09020795,6.2958693,"[8.999999999999999e-08, 0.0, 0.0, 0.0, 8.999999999999999e-08, 0.0, 0.0, 0.0, 8.999999999999999e-08]"
1579257414983468717,,1612,,1579257414,983071832,"""base_link""",,0.208156470552,-0.102758182087,0.581535471402,-0.779697463945,"[1.0, 0.0, 0.0, 0.0, 1.0, 0.0, 0.0, 0.0, 1.0]",,1.76469373703,-2.06223106384,-0.256221503019,"[1.2184696791468346e-07, 0.0, 0.0, 0.0, 1.2184696791468346e-07, 0.0, 0.0, 0.0, 1.2184696791468346e-07]",,0.8629852,-5.85457005,9.6693569,"[8.999999999999999e-08, 0.0, 0.0, 0.0, 8.999999999999999e-08, 0.0, 0.0, 0.0, 8.999999999999999e-08]"
1579257415224083156,,1613,,1579257415,223905143,"""base_link""",,0.226961705775,0.265303881786,0.518586416614,-0.780493666166,"[1.0, 0.0, 0.0, 0.0, 1.0, 0.0, 0.0, 0.0, 1.0]",,1.3380253315,-3.07059621811,0.227999463677,"[1.2184696791468346e-07, 0.0, 0.0, 0.0, 1.2184696791468346e-07, 0.0, 0.0, 0.0, 1.2184696791468346e-07]",,6.08992965,0.2745862,6.81562175,"[8.999999999999999e-08, 0.0, 0.0, 0.0, 8.999999999999999e-08, 0.0, 0.0, 0.0, 8.999999999999999e-08]"
1579257415475858884,,1614,,1579257415,475716129,"""base_link""",,0.338976555824,0.559908271471,0.388940041097,-0.648323427443,"[1.0, 0.0, 0.0, 0.0, 1.0, 0.0, 0.0, 0.0, 1.0]",,-0.0731616616249,-2.68660569191,0.151119843125,"[1.2184696791468346e-07, 0.0, 0.0, 0.0, 1.2184696791468346e-07, 0.0, 0.0, 0.0, 1.2184696791468346e-07]",,9.1005712,0.08825985,0.28439285,"[8.999999999999999e-08, 0.0, 0.0, 0.0, 8.999999999999999e-08, 0.0, 0.0, 0.0, 8.999999999999999e-08]"
1579257415699690806,,1615,,1579257415,699379063,"""base_link""",,0.451861712905,0.686954577628,0.302439446529,-0.482125276116,"[1.0, 0.0, 0.0, 0.0, 1.0, 0.0, 0.0, 0.0, 1.0]",,-0.534200370312,-2.22685360909,0.11711807549,"[1.2184696791468346e-07, 0.0, 0.0, 0.0, 1.2184696791468346e-07, 0.0, 0.0, 0.0, 1.2184696791468346e-07]",,9.11037785,-0.3334261,-3.81478685,"[8.999999999999999e-08, 0.0, 0.0, 0.0, 8.999999999999999e-08, 0.0, 0.0, 0.0, 8.999999999999999e-08]"
1579257415951410508,,1616,,1579257415,951202328,"""base_link""",,-0.499052286028,-0.769866536883,-0.259960154278,0.301119659581,"[1.0, 0.0, 0.0, 0.0, 1.0, 0.0, 0.0, 0.0, 1.0]",,-0.255520313978,-1.21529424191,-0.382210701704,"[1.2184696791468346e-07, 0.0, 0.0, 0.0, 1.2184696791468346e-07, 0.0, 0.0, 0.0, 1.2184696791468346e-07]",,6.4331624,0.0784532,-7.12943455,"[8.999999999999999e-08, 0.0, 0.0, 0.0, 8.999999999999999e-08, 0.0, 0.0, 0.0, 8.999999999999999e-08]"
1579257416186293965,,1617,,1579257416,186116776,"""base_link""",,-0.51838438051,-0.80336480036,-0.249211950655,0.154194796398,"[1.0, 0.0, 0.0, 0.0, 1.0, 0.0, 0.0, 0.0, 1.0]",,-1.00894916058,-0.951091229916,-0.482930541039,"[1.2184696791468346e-07, 0.0, 0.0, 0.0, 1.2184696791468346e-07, 0.0, 0.0, 0.0, 1.2184696791468346e-07]",,4.34434595,2.16726965,-8.2964259,"[8.999999999999999e-08, 0.0, 0.0, 0.0, 8.999999999999999e-08, 0.0, 0.0, 0.0, 8.999999999999999e-08]"
1579257416422181373,,1618,,1579257416,421725992,"""base_link""",,-0.492524139308,-0.809027637328,-0.320468815365,0.0139281232281,"[1.0, 0.0, 0.0, 0.0, 1.0, 0.0, 0.0, 0.0, 1.0]",,-0.591013014317,-0.318479329348,-0.328688949347,"[1.2184696791468346e-07, 0.0, 0.0, 0.0, 1.2184696791468346e-07, 0.0, 0.0, 0.0, 1.2184696791468346e-07]",,2.91257505,4.4326058,-8.5513988,"[8.999999999999999e-08, 0.0, 0.0, 0.0, 8.999999999999999e-08, 0.0, 0.0, 0.0, 8.999999999999999e-08]"
1579257416663558051,,1619,,1579257416,663421303,"""base_link""",,-0.496824794454,-0.803292701826,-0.328401319984,0.00620740220407,"[1.0, 0.0, 0.0, 0.0, 1.0, 0.0, 0.0, 0.0, 1.0]",,0.167635396123,-0.0803819820285,0.0941158011556,"[1.2184696791468346e-07, 0.0, 0.0, 0.0, 1.2184696791468346e-07, 0.0, 0.0, 0.0, 1.2184696791468346e-07]",,2.1182364,4.7856452,-8.24739265,"[8.999999999999999e-08, 0.0, 0.0, 0.0, 8.999999999999999e-08, 0.0, 0.0, 0.0, 8.999999999999999e-08]"
1579257416913871582,,1620,,1579257416,913674441,"""base_link""",,-0.506523784612,-0.80521127746,-0.3082442156,-0.00734559885446,"[1.0, 0.0, 0.0, 0.0, 1.0, 0.0, 0.0, 0.0, 1.0]",,-0.0882812663913,-0.160289391875,-0.0321241393685,"[1.2184696791468346e-07, 0.0, 0.0, 0.0, 1.2184696791468346e-07, 0.0, 0.0, 0.0, 1.2184696791468346e-07]",,2.52030905,4.93274495,-8.4925589,"[8.999999999999999e-08, 0.0, 0.0, 0.0, 8.999999999999999e-08, 0.0, 0.0, 0.0, 8.999999999999999e-08]"
1579257417147470546,,1621,,1579257417,147136813,"""base_link""",,-0.513182805068,-0.797856490152,-0.315269940464,-0.0259479160081,"[1.0, 0.0, 0.0, 0.0, 1.0, 0.0, 0.0, 0.0, 1.0]",,-0.0506209135056,-0.0461423918605,0.0762394815683,"[1.2184696791468346e-07, 0.0, 0.0, 0.0, 1.2184696791468346e-07, 0.0, 0.0, 0.0, 1.2184696791468346e-07]",,2.22610955,5.295591,-8.24739265,"[8.999999999999999e-08, 0.0, 0.0, 0.0, 8.999999999999999e-08, 0.0, 0.0, 0.0, 8.999999999999999e-08]"
1579257417394168485,,1622,,1579257417,391049703,"""base_link""",,-0.508941714894,-0.793029093444,-0.33410392874,0.0213951534709,"[1.0, 0.0, 0.0, 0.0, 1.0, 0.0, 0.0, 0.0, 1.0]",,0.337125301361,1.03988838196,0.282338619232,"[1.2184696791468346e-07, 0.0, 0.0, 0.0, 1.2184696791468346e-07, 0.0, 0.0, 0.0, 1.2184696791468346e-07]",,4.2364728,5.05042475,-6.9627215,"[8.999999999999999e-08, 0.0, 0.0, 0.0, 8.999999999999999e-08, 0.0, 0.0, 0.0, 8.999999999999999e-08]"
1579257417626952371,,1623,,1579257417,626816484,"""base_link""",,-0.495033780808,-0.760808004423,-0.365544945631,0.206130126348,"[1.0, 0.0, 0.0, 0.0, 1.0, 0.0, 0.0, 0.0, 1.0]",,0.179697051644,1.36027467251,0.729195773602,"[1.2184696791468346e-07, 0.0, 0.0, 0.0, 1.2184696791468346e-07, 0.0, 0.0, 0.0, 1.2184696791468346e-07]",,6.276256,3.81478685,-7.3942141,"[8.999999999999999e-08, 0.0, 0.0, 0.0, 8.999999999999999e-08, 0.0, 0.0, 0.0, 8.999999999999999e-08]"
1579257417864766966,,1624,,1579257417,864397447,"""base_link""",,-0.517370286849,-0.695840057474,-0.382172965696,0.319497143949,"[1.0, 0.0, 0.0, 0.0, 1.0, 0.0, 0.0, 0.0, 1.0]",,0.324516862631,0.859435856342,0.622462391853,"[1.2184696791468346e-07, 0.0, 0.0, 0.0, 1.2184696791468346e-07, 0.0, 0.0, 0.0, 1.2184696791468346e-07]",,8.26700595,0.67665885,-5.5113373,"[8.999999999999999e-08, 0.0, 0.0, 0.0, 8.999999999999999e-08, 0.0, 0.0, 0.0, 8.999999999999999e-08]"
1579257418126415750,,1625,,1579257418,126248419,"""base_link""",,0.493907286768,0.608195099187,0.388437755532,-0.485046826069,"[1.0, 0.0, 0.0, 0.0, 1.0, 0.0, 0.0, 0.0, 1.0]",,0.483205407858,1.72471940517,0.870141625404,"[1.2184696791468346e-07, 0.0, 0.0, 0.0, 1.2184696791468346e-07, 0.0, 0.0, 0.0, 1.2184696791468346e-07]",,10.20872265,-0.6080123,-3.89324005,"[8.999999999999999e-08, 0.0, 0.0, 0.0, 8.999999999999999e-08, 0.0, 0.0, 0.0, 8.999999999999999e-08]"
1579257418355495350,,1626,,1579257418,355331290,"""base_link""",,0.431156851459,0.456498312454,0.394983527549,-0.670597549303,"[1.0, 0.0, 0.0, 0.0, 1.0, 0.0, 0.0, 0.0, 1.0]",,0.80474114418,2.1544880867,0.777404904366,"[1.2184696791468346e-07, 0.0, 0.0, 0.0, 1.2184696791468346e-07, 0.0, 0.0, 0.0, 1.2184696791468346e-07]",,9.07115125,-2.10842975,0.2157463,"[8.999999999999999e-08, 0.0, 0.0, 0.0, 8.999999999999999e-08, 0.0, 0.0, 0.0, 8.999999999999999e-08]"
1579257418610774693,,1627,,1579257418,610474331,"""base_link""",,0.267166102976,0.280656048038,0.3753146888,-0.842017422915,"[1.0, 0.0, 0.0, 0.0, 1.0, 0.0, 0.0, 0.0, 1.0]",,1.13999021053,2.39136481285,0.502004206181,"[1.2184696791468346e-07, 0.0, 0.0, 0.0, 1.2184696791468346e-07, 0.0, 0.0, 0.0, 1.2184696791468346e-07]",,6.67832865,-2.26533615,5.54075725,"[8.999999999999999e-08, 0.0, 0.0, 0.0, 8.999999999999999e-08, 0.0, 0.0, 0.0, 8.999999999999999e-08]"
1579257418824704602,,1628,,1579257418,824555420,"""base_link""",,0.046138148773,0.00862217069709,0.33861656163,-0.939753027976,"[1.0, 0.0, 0.0, 0.0, 1.0, 0.0, 0.0, 0.0, 1.0]",,0.883793354034,3.50210690498,0.4819894135,"[1.2184696791468346e-07, 0.0, 0.0, 0.0, 1.2184696791468346e-07, 0.0, 0.0, 0.0, 1.2184696791468346e-07]",,0.980665,-0.44129925,8.7083052,"[8.999999999999999e-08, 0.0, 0.0, 0.0, 8.999999999999999e-08, 0.0, 0.0, 0.0, 8.999999999999999e-08]"
1579257419076816659,,1629,,1579257419,76703664,"""base_link""",,-0.148603926123,-0.33905344717,0.286045179128,-0.88381999785,"[1.0, 0.0, 0.0, 0.0, 1.0, 0.0, 0.0, 0.0, 1.0]",,0.3460739851,2.387114048,-0.0267347749323,"[1.2184696791468346e-07, 0.0, 0.0, 0.0, 1.2184696791468346e-07, 0.0, 0.0, 0.0, 1.2184696791468346e-07]",,-6.46258235,0.65704555,6.8450417,"[8.999999999999999e-08, 0.0, 0.0, 0.0, 8.999999999999999e-08, 0.0, 0.0, 0.0, 8.999999999999999e-08]"
1579257419314544522,,1630,,1579257419,314202975,"""base_link""",,-0.195359320118,-0.519500794992,0.300339188838,-0.77572548733,"[1.0, 0.0, 0.0, 0.0, 1.0, 0.0, 0.0, 0.0, 1.0]",,-0.0213831607252,1.26957082748,-1.05612003803,"[1.2184696791468346e-07, 0.0, 0.0, 0.0, 1.2184696791468346e-07, 0.0, 0.0, 0.0, 1.2184696791468346e-07]",,-9.03192465,-0.02941995,3.530394,"[8.999999999999999e-08, 0.0, 0.0, 0.0, 8.999999999999999e-08, 0.0, 0.0, 0.0, 8.999999999999999e-08]"
1579257419567393553,,1631,,1579257419,567254836,"""base_link""",,0.112106615003,0.595205128552,-0.425550487952,0.672361319546,"[1.0, 0.0, 0.0, 0.0, 1.0, 0.0, 0.0, 0.0, 1.0]",,0.172922566533,-0.481366217136,-1.58307266235,"[1.2184696791468346e-07, 0.0, 0.0, 0.0, 1.2184696791468346e-07, 0.0, 0.0, 0.0, 1.2184696791468346e-07]",,-9.54187045,-3.0792881,3.71672035,"[8.999999999999999e-08, 0.0, 0.0, 0.0, 8.999999999999999e-08, 0.0, 0.0, 0.0, 8.999999999999999e-08]"
1579257419802283883,,1632,,1579257419,802123801,"""base_link""",,-0.0421729203431,0.433764291218,-0.59034426822,0.679384743304,"[1.0, 0.0, 0.0, 0.0, 1.0, 0.0, 0.0, 0.0, 1.0]",,0.842031061649,-2.38123321533,-1.04069149494,"[1.2184696791468346e-07, 0.0, 0.0, 0.0, 1.2184696791468346e-07, 0.0, 0.0, 0.0, 1.2184696791468346e-07]",,-6.95291485,-5.2171378,5.83495675,"[8.999999999999999e-08, 0.0, 0.0, 0.0, 8.999999999999999e-08, 0.0, 0.0, 0.0, 8.999999999999999e-08]"
1579257420051335387,,1633,,1579257420,50964444,"""base_link""",,0.138248352178,-0.15327993,0.616360079566,-0.759929541798,"[1.0, 0.0, 0.0, 0.0, 1.0, 0.0, 0.0, 0.0, 1.0]",,1.14039051533,-2.09372615814,0.486012607813,"[1.2184696791468346e-07, 0.0, 0.0, 0.0, 1.2184696791468346e-07, 0.0, 0.0, 0.0, 1.2184696791468346e-07]",,-1.06892485,-5.1386846,9.30651085,"[8.999999999999999e-08, 0.0, 0.0, 0.0, 8.999999999999999e-08, 0.0, 0.0, 0.0, 8.999999999999999e-08]"
1579257420275087303,,1634,,1579257420,274942305,"""base_link""",,0.185497009101,0.0715530385958,0.502771703724,-0.841244100257,"[1.0, 0.0, 0.0, 0.0, 1.0, 0.0, 0.0, 0.0, 1.0]",,0.24057303369,-1.42161607742,1.47864365578,"[1.2184696791468346e-07, 0.0, 0.0, 0.0, 1.2184696791468346e-07, 0.0, 0.0, 0.0, 1.2184696791468346e-07]",,2.941995,-2.7262487,8.9828914,"[8.999999999999999e-08, 0.0, 0.0, 0.0, 8.999999999999999e-08, 0.0, 0.0, 0.0, 8.999999999999999e-08]"
1579257420519673975,,1635,,1579257420,519511509,"""base_link""",,0.169219779533,0.0282062373984,0.301314599922,-0.937965130621,"[1.0, 0.0, 0.0, 0.0, 1.0, 0.0, 0.0, 0.0, 1.0]",,0.573066234589,2.15033936501,1.67312574387,"[1.2184696791468346e-07, 0.0, 0.0, 0.0, 1.2184696791468346e-07, 0.0, 0.0, 0.0, 1.2184696791468346e-07]",,1.6671305,-1.2944778,8.8063717,"[8.999999999999999e-08, 0.0, 0.0, 0.0, 8.999999999999999e-08, 0.0, 0.0, 0.0, 8.999999999999999e-08]"
1579257420770648820,,1636,,1579257420,770340737,"""base_link""",,-0.0530564422632,-0.367205891774,0.309707000985,-0.875457834805,"[1.0, 0.0, 0.0, 0.0, 1.0, 0.0, 0.0, 0.0, 1.0]",,1.15367507935,3.28492283821,-1.04975235462,"[1.2184696791468346e-07, 0.0, 0.0, 0.0, 1.2184696791468346e-07, 0.0, 0.0, 0.0, 1.2184696791468346e-07]",,-6.07031635,-2.8243152,5.9232166,"[8.999999999999999e-08, 0.0, 0.0, 0.0, 8.999999999999999e-08, 0.0, 0.0, 0.0, 8.999999999999999e-08]"
1579257421006028014,,1637,,1579257421,5844613,"""base_link""",,-0.126592452054,-0.524116079115,0.420587282574,-0.729645821226,"[1.0, 0.0, 0.0, 0.0, 1.0, 0.0, 0.0, 0.0, 1.0]",,-0.0195236932486,-0.0622798241675,-1.04274499416,"[1.2184696791468346e-07, 0.0, 0.0, 0.0, 1.2184696791468346e-07, 0.0, 0.0, 0.0, 1.2184696791468346e-07]",,-8.75733845,-1.7259704,6.56064885,"[8.999999999999999e-08, 0.0, 0.0, 0.0, 8.999999999999999e-08, 0.0, 0.0, 0.0, 8.999999999999999e-08]"
1579257421237563775,,1638,,1579257421,237398100,"""base_link""",,0.0309449666883,-0.407809994433,0.517876486441,-0.751357013855,"[1.0, 0.0, 0.0, 0.0, 1.0, 0.0, 0.0, 0.0, 1.0]",,0.163578629494,-2.59842967987,-0.772407591343,"[1.2184696791468346e-07, 0.0, 0.0, 0.0, 1.2184696791468346e-07, 0.0, 0.0, 0.0, 1.2184696791468346e-07]",,-7.58054045,-4.97197155,6.38412915,"[8.999999999999999e-08, 0.0, 0.0, 0.0, 8.999999999999999e-08, 0.0, 0.0, 0.0, 8.999999999999999e-08]"
1579257421477766922,,1639,,1579257421,477391759,"""base_link""",,0.185788175058,-0.109502896906,0.505783316822,-0.835269481067,"[1.0, 0.0, 0.0, 0.0, 1.0, 0.0, 0.0, 0.0, 1.0]",,0.508303582668,-2.55309605598,0.480918556452,"[1.2184696791468346e-07, 0.0, 0.0, 0.0, 1.2184696791468346e-07, 0.0, 0.0, 0.0, 1.2184696791468346e-07]",,-3.04986815,-5.32501095,8.0218397,"[8.999999999999999e-08, 0.0, 0.0, 0.0, 8.999999999999999e-08, 0.0, 0.0, 0.0, 8.999999999999999e-08]"
1579257421718589058,,1640,,1579257421,718476295,"""base_link""",,0.137163032462,0.0550559875445,0.377061938399,-0.914319110252,"[1.0, 0.0, 0.0, 0.0, 1.0, 0.0, 0.0, 0.0, 1.0]",,1.54166042805,-0.367900460958,1.52831292152,"[1.2184696791468346e-07, 0.0, 0.0, 0.0, 1.2184696791468346e-07, 0.0, 0.0, 0.0, 1.2184696791468346e-07]",,1.77500365,-2.59876225,8.9828914,"[8.999999999999999e-08, 0.0, 0.0, 0.0, 8.999999999999999e-08, 0.0, 0.0, 0.0, 8.999999999999999e-08]"
1579257421990489375,,1641,,1579257421,990320701,"""base_link""",,-0.0898562087269,0.0817588562832,0.18247928759,-0.975675489481,"[1.0, 0.0, 0.0, 0.0, 1.0, 0.0, 0.0, 0.0, 1.0]",,2.18495392799,0.936550915241,0.843401491642,"[1.2184696791468346e-07, 0.0, 0.0, 0.0, 1.2184696791468346e-07, 0.0, 0.0, 0.0, 1.2184696791468346e-07]",,2.02997655,1.4906108,9.3947707,"[8.999999999999999e-08, 0.0, 0.0, 0.0, 8.999999999999999e-08, 0.0, 0.0, 0.0, 8.999999999999999e-08]"
1579257422206622280,,1642,,1579257422,206259561,"""base_link""",,-0.294902094938,0.0138993227182,0.0822310614756,-0.951881093287,"[1.0, 0.0, 0.0, 0.0, 1.0, 0.0, 0.0, 0.0, 1.0]",,1.02321279049,0.848354160786,0.638787865639,"[1.2184696791468346e-07, 0.0, 0.0, 0.0, 1.2184696791468346e-07, 0.0, 0.0, 0.0, 1.2184696791468346e-07]",,-0.44129925,5.8055368,7.6295737,"[8.999999999999999e-08, 0.0, 0.0, 0.0, 8.999999999999999e-08, 0.0, 0.0, 0.0, 8.999999999999999e-08]"
1579257422437537871,,1643,,1579257422,437389855,"""base_link""",,-0.33778462616,-0.0201809698919,0.011971554652,-0.940930898984,"[1.0, 0.0, 0.0, 0.0, 1.0, 0.0, 0.0, 0.0, 1.0]",,0.0646668747067,0.103087238967,0.0503802075982,"[1.2184696791468346e-07, 0.0, 0.0, 0.0, 1.2184696791468346e-07, 0.0, 0.0, 0.0, 1.2184696791468346e-07]",,-1.34351105,6.7665885,6.59987545,"[8.999999999999999e-08, 0.0, 0.0, 0.0, 8.999999999999999e-08, 0.0, 0.0, 0.0, 8.999999999999999e-08]"
1579257422681272828,,1644,,1579257422,681125479,"""base_link""",,-0.340075382126,-0.0267228561217,0.00223965068866,-0.940015748484,"[1.0, 0.0, 0.0, 0.0, 1.0, 0.0, 0.0, 0.0, 1.0]",,0.0169732235372,0.179471850395,0.117740988731,"[1.2184696791468346e-07, 0.0, 0.0, 0.0, 1.2184696791468346e-07, 0.0, 0.0, 0.0, 1.2184696791468346e-07]",,-1.1571847,6.6096821,6.9431082,"[8.999999999999999e-08, 0.0, 0.0, 0.0, 8.999999999999999e-08, 0.0, 0.0, 0.0, 8.999999999999999e-08]"
1579257422924041842,,1645,,1579257422,923630980,"""base_link""",,-0.346244714637,-0.0663292245959,-0.0138822716971,-0.935693493663,"[1.0, 0.0, 0.0, 0.0, 1.0, 0.0, 0.0, 0.0, 1.0]",,0.0226036794484,0.586772799492,-0.166426390409,"[1.2184696791468346e-07, 0.0, 0.0, 0.0, 1.2184696791468346e-07, 0.0, 0.0, 0.0, 1.2184696791468346e-07]",,-1.5298374,6.40374245,7.18827445,"[8.999999999999999e-08, 0.0, 0.0, 0.0, 8.999999999999999e-08, 0.0, 0.0, 0.0, 8.999999999999999e-08]"
1579257423172178557,,1646,,1579257423,172013364,"""base_link""",,-0.352550156914,-0.176570417063,-0.00353336289119,-0.918977034547,"[1.0, 0.0, 0.0, 0.0, 1.0, 0.0, 0.0, 0.0, 1.0]",,0.211587652564,0.952512323856,-0.63137036562,"[1.2184696791468346e-07, 0.0, 0.0, 0.0, 1.2184696791468346e-07, 0.0, 0.0, 0.0, 1.2184696791468346e-07]",,-3.24600115,6.26644935,6.1781895,"[8.999999999999999e-08, 0.0, 0.0, 0.0, 8.999999999999999e-08, 0.0, 0.0, 0.0, 8.999999999999999e-08]"
1579257423414171843,,1647,,1579257423,414003982,"""base_link""",,-0.350915633521,-0.329152363882,0.02525011701,-0.876287265166,"[1.0, 0.0, 0.0, 0.0, 1.0, 0.0, 0.0, 0.0, 1.0]",,0.141394600272,1.32681632042,-0.716908812523,"[1.2184696791468346e-07, 0.0, 0.0, 0.0, 1.2184696791468346e-07, 0.0, 0.0, 0.0, 1.2184696791468346e-07]",,-6.30567595,5.73689025,4.6679654,"[8.999999999999999e-08, 0.0, 0.0, 0.0, 8.999999999999999e-08, 0.0, 0.0, 0.0, 8.999999999999999e-08]"
1579257423651482679,,1648,,1579257423,651195003,"""base_link""",,-0.323655183096,-0.469104911214,0.0265878427206,-0.821267916912,"[1.0, 0.0, 0.0, 0.0, 1.0, 0.0, 0.0, 0.0, 1.0]",,-0.164124041796,0.818231880665,-0.401183247566,"[1.2184696791468346e-07, 0.0, 0.0, 0.0, 1.2184696791468346e-07, 0.0, 0.0, 0.0, 1.2184696791468346e-07]",,-8.03164635,4.83467845,2.69682875,"[8.999999999999999e-08, 0.0, 0.0, 0.0, 8.999999999999999e-08, 0.0, 0.0, 0.0, 8.999999999999999e-08]"
1579257423899394651,,1649,,1579257423,899237406,"""base_link""",,-0.307033120302,-0.517580629953,0.0433560133508,-0.797471761658,"[1.0, 0.0, 0.0, 0.0, 1.0, 0.0, 0.0, 0.0, 1.0]",,0.114933811128,0.0948233008385,-0.290499418974,"[1.2184696791468346e-07, 0.0, 0.0, 0.0, 1.2184696791468346e-07, 0.0, 0.0, 0.0, 1.2184696791468346e-07]",,-8.7867584,3.93246665,1.85345685,"[8.999999999999999e-08, 0.0, 0.0, 0.0, 8.999999999999999e-08, 0.0, 0.0, 0.0, 8.999999999999999e-08]"
1579257424136508631,,1650,,1579257424,136145839,"""base_link""",,-0.285540717344,-0.516722420497,0.0862182298977,-0.802515330525,"[1.0, 0.0, 0.0, 0.0, 1.0, 0.0, 0.0, 0.0, 1.0]",,-0.0473024919629,-0.406176388264,-0.318662375212,"[1.2184696791468346e-07, 0.0, 0.0, 0.0, 1.2184696791468346e-07, 0.0, 0.0, 0.0, 1.2184696791468346e-07]",,-9.95374975,3.3734876,1.9417167,"[8.999999999999999e-08, 0.0, 0.0, 0.0, 8.999999999999999e-08, 0.0, 0.0, 0.0, 8.999999999999999e-08]"
1579257424367725853,,1651,,1579257424,367539776,"""base_link""",,-0.240421166202,-0.406032481105,0.141394185429,-0.87025454406,"[1.0, 0.0, 0.0, 0.0, 1.0, 0.0, 0.0, 0.0, 1.0]",,-0.0920442193747,-2.07359957695,-0.0626808106899,"[1.2184696791468346e-07, 0.0, 0.0, 0.0, 1.2184696791468346e-07, 0.0, 0.0, 0.0, 1.2184696791468346e-07]",,-9.0809579,2.79489525,3.81478685,"[8.999999999999999e-08, 0.0, 0.0, 0.0, 8.999999999999999e-08, 0.0, 0.0, 0.0, 8.999999999999999e-08]"
1579257424607377014,,1652,,1579257424,607223926,"""base_link""",,-0.129025862223,-0.189599568684,0.246527204643,-0.941609615394,"[1.0, 0.0, 0.0, 0.0, 1.0, 0.0, 0.0, 0.0, 1.0]",,-0.814155459404,-1.84400451183,-0.919528126717,"[1.2184696791468346e-07, 0.0, 0.0, 0.0, 1.2184696791468346e-07, 0.0, 0.0, 0.0, 1.2184696791468346e-07]",,-3.83440015,2.5693423,6.9627215,"[8.999999999999999e-08, 0.0, 0.0, 0.0, 8.999999999999999e-08, 0.0, 0.0, 0.0, 8.999999999999999e-08]"
1579257424852995604,,1653,,1579257424,852653336,"""base_link""",,0.10544038452,-0.0473508384053,0.375742719293,-0.919487701012,"[1.0, 0.0, 0.0, 0.0, 1.0, 0.0, 0.0, 0.0, 1.0]",,-1.53280484676,-2.03692603111,-1.30520892143,"[1.2184696791468346e-07, 0.0, 0.0, 0.0, 1.2184696791468346e-07, 0.0, 0.0, 0.0, 1.2184696791468346e-07]",,-0.04903325,-1.38273765,8.6690786,"[8.999999999999999e-08, 0.0, 0.0, 0.0, 8.999999999999999e-08, 0.0, 0.0, 0.0, 8.999999999999999e-08]"
1579257425083523439,,1654,,1579257425,83379417,"""base_link""",,0.346389506293,0.181671921517,0.46569280539,-0.793813475491,"[1.0, 0.0, 0.0, 0.0, 1.0, 0.0, 0.0, 0.0, 1.0]",,-0.73325419426,-2.49278640747,-1.39283967018,"[1.2184696791468346e-07, 0.0, 0.0, 0.0, 1.2184696791468346e-07, 0.0, 0.0, 0.0, 1.2184696791468346e-07]",,6.22722275,-3.7657536,6.81562175,"[8.999999999999999e-08, 0.0, 0.0, 0.0, 8.999999999999999e-08, 0.0, 0.0, 0.0, 8.999999999999999e-08]"
1579257425327135267,,1655,,1579257425,327034272,"""base_link""",,0.373937005951,0.415318756628,0.495555359513,-0.664910769676,"[1.0, 0.0, 0.0, 0.0, 1.0, 0.0, 0.0, 0.0, 1.0]",,1.06425964832,-0.914444744587,-1.28334927559,"[1.2184696791468346e-07, 0.0, 0.0, 0.0, 1.2184696791468346e-07, 0.0, 0.0, 0.0, 1.2184696791468346e-07]",,11.1991943,-1.95152335,5.1779112,"[8.999999999999999e-08, 0.0, 0.0, 0.0, 8.999999999999999e-08, 0.0, 0.0, 0.0, 8.999999999999999e-08]"
1579257425580209594,,1656,,1579257425,579816715,"""base_link""",,0.190964322654,0.481090582198,0.496504590653,-0.696826858448,"[1.0, 0.0, 0.0, 0.0, 1.0, 0.0, 0.0, 0.0, 1.0]",,1.21540391445,1.55129778385,-0.683372735977,"[1.2184696791468346e-07, 0.0, 0.0, 0.0, 1.2184696791468346e-07, 0.0, 0.0, 0.0, 1.2184696791468346e-07]",,8.1199062,2.85373515,5.24655775,"[8.999999999999999e-08, 0.0, 0.0, 0.0, 8.999999999999999e-08, 0.0, 0.0, 0.0, 8.999999999999999e-08]"
1579257425815439995,,1657,,1579257425,815295358,"""base_link""",,-0.00700540166533,0.376061007165,0.550137991575,-0.745571749373,"[1.0, 0.0, 0.0, 0.0, 1.0, 0.0, 0.0, 0.0, 1.0]",,0.336758732796,1.69358289242,-0.675748944283,"[1.2184696791468346e-07, 0.0, 0.0, 0.0, 1.2184696791468346e-07, 0.0, 0.0, 0.0, 1.2184696791468346e-07]",,4.1384063,5.2171378,6.91368825,"[8.999999999999999e-08, 0.0, 0.0, 0.0, 8.999999999999999e-08, 0.0, 0.0, 0.0, 8.999999999999999e-08]"
1579257426075778883,,1658,,1579257426,75615856,"""base_link""",,-0.105626232872,0.265041882663,0.597730824548,-0.749208756455,"[1.0, 0.0, 0.0, 0.0, 1.0, 0.0, 0.0, 0.0, 1.0]",,-0.513173699379,0.0187375228852,-0.252276420593,"[1.2184696791468346e-07, 0.0, 0.0, 0.0, 1.2184696791468346e-07, 0.0, 0.0, 0.0, 1.2184696791468346e-07]",,2.12804305,4.7660319,6.95291485,"[8.999999999999999e-08, 0.0, 0.0, 0.0, 8.999999999999999e-08, 0.0, 0.0, 0.0, 8.999999999999999e-08]"
1579257426295538085,,1659,,1579257426,295138602,"""base_link""",,-0.0522311658049,0.269368526726,0.610079983871,-0.743313470487,"[1.0, 0.0, 0.0, 0.0, 1.0, 0.0, 0.0, 0.0, 1.0]",,-0.0121526094154,-0.298699080944,0.0440451055765,"[1.2184696791468346e-07, 0.0, 0.0, 0.0, 1.2184696791468346e-07, 0.0, 0.0, 0.0, 1.2184696791468346e-07]",,3.8638201,3.95207995,8.05125965,"[8.999999999999999e-08, 0.0, 0.0, 0.0, 8.999999999999999e-08, 0.0, 0.0, 0.0, 8.999999999999999e-08]"
1579257426538742166,,1660,,1579257426,538612037,"""base_link""",,0.0137445940956,0.285359094647,0.576881819283,-0.765237636174,"[1.0, 0.0, 0.0, 0.0, 1.0, 0.0, 0.0, 0.0, 1.0]",,-0.908691465855,-0.565278530121,0.885202646255,"[1.2184696791468346e-07, 0.0, 0.0, 0.0, 1.2184696791468346e-07, 0.0, 0.0, 0.0, 1.2184696791468346e-07]",,2.8047019,3.77556025,7.42363405,"[8.999999999999999e-08, 0.0, 0.0, 0.0, 8.999999999999999e-08, 0.0, 0.0, 0.0, 8.999999999999999e-08]"
1579257426771547866,,1661,,1579257426,771345067,"""base_link""",,0.242521616122,0.29451782267,0.520102406403,-0.764157054994,"[1.0, 0.0, 0.0, 0.0, 1.0, 0.0, 0.0, 0.0, 1.0]",,-1.42961418629,-1.55932605267,0.709678649902,"[1.2184696791468346e-07, 0.0, 0.0, 0.0, 1.2184696791468346e-07, 0.0, 0.0, 0.0, 1.2184696791468346e-07]",,4.8640984,-0.4314926,6.472389,"[8.999999999999999e-08, 0.0, 0.0, 0.0, 8.999999999999999e-08, 0.0, 0.0, 0.0, 8.999999999999999e-08]"
1579257427024729783,,1662,,1579257427,24402127,"""base_link""",,0.430585773545,0.361164781464,0.454007201854,-0.691399560974,"[1.0, 0.0, 0.0, 0.0, 1.0, 0.0, 0.0, 0.0, 1.0]",,-0.254888832569,-1.32820630074,0.690800666809,"[1.2184696791468346e-07, 0.0, 0.0, 0.0, 1.2184696791468346e-07, 0.0, 0.0, 0.0, 1.2184696791468346e-07]",,7.8649333,-3.54020065,4.91313165,"[8.999999999999999e-08, 0.0, 0.0, 0.0, 8.999999999999999e-08, 0.0, 0.0, 0.0, 8.999999999999999e-08]"
1579257427261122397,,1663,,1579257427,260984924,"""base_link""",,0.489138110255,0.325776943844,0.265865079805,-0.764152505261,"[1.0, 0.0, 0.0, 0.0, 1.0, 0.0, 0.0, 0.0, 1.0]",,0.747905194759,0.54739356041,2.45582509041,"[1.2184696791468346e-07, 0.0, 0.0, 0.0, 1.2184696791468346e-07, 0.0, 0.0, 0.0, 1.2184696791468346e-07]",,9.01231135,-6.2370294,4.52086565,"[8.999999999999999e-08, 0.0, 0.0, 0.0, 8.999999999999999e-08, 0.0, 0.0, 0.0, 8.999999999999999e-08]"
1579257427520158997,,1664,,1579257427,519990317,"""base_link""",,0.401714342429,0.0673175921439,0.10388300996,-0.907360043818,"[1.0, 0.0, 0.0, 0.0, 1.0, 0.0, 0.0, 0.0, 1.0]",,1.81247520447,2.31368660927,1.53981602192,"[1.2184696791468346e-07, 0.0, 0.0, 0.0, 1.2184696791468346e-07, 0.0, 0.0, 0.0, 1.2184696791468346e-07]",,3.46174745,-8.56120545,6.0997363,"[8.999999999999999e-08, 0.0, 0.0, 0.0, 8.999999999999999e-08, 0.0, 0.0, 0.0, 8.999999999999999e-08]"
1579257427742094833,,1665,,1579257427,741704462,"""base_link""",,0.109030991323,-0.166317369046,0.133583861364,-0.970879048939,"[1.0, 0.0, 0.0, 0.0, 1.0, 0.0, 0.0, 0.0, 1.0]",,2.5066652298,1.73361027241,-0.593296468258,"[1.2184696791468346e-07, 0.0, 0.0, 0.0, 1.2184696791468346e-07, 0.0, 0.0, 0.0, 1.2184696791468346e-07]",,-1.6671305,-2.71644205,9.1594111,"[8.999999999999999e-08, 0.0, 0.0, 0.0, 8.999999999999999e-08, 0.0, 0.0, 0.0, 8.999999999999999e-08]"
1579257427986932127,,1666,,1579257427,986794767,"""base_link""",,0.0136679038609,-0.285218314774,0.257409500982,-0.923148985877,"[1.0, 0.0, 0.0, 0.0, 1.0, 0.0, 0.0, 0.0, 1.0]",,0.302295744419,0.368591099977,-1.60448563099,"[1.2184696791468346e-07, 0.0, 0.0, 0.0, 1.2184696791468346e-07, 0.0, 0.0, 0.0, 1.2184696791468346e-07]",,-6.0016698,-1.14737805,7.30595425,"[8.999999999999999e-08, 0.0, 0.0, 0.0, 8.999999999999999e-08, 0.0, 0.0, 0.0, 8.999999999999999e-08]"
1579257428225641412,,1667,,1579257428,225474985,"""base_link""",,0.144982075707,-0.163663355941,0.466319493564,-0.857170131052,"[1.0, 0.0, 0.0, 0.0, 1.0, 0.0, 0.0, 0.0, 1.0]",,-0.414396852255,-2.05428695679,-1.86450982094,"[1.2184696791468346e-07, 0.0, 0.0, 0.0, 1.2184696791468346e-07, 0.0, 0.0, 0.0, 1.2184696791468346e-07]",,-2.83412185,-2.95180165,6.79600845,"[8.999999999999999e-08, 0.0, 0.0, 0.0, 8.999999999999999e-08, 0.0, 0.0, 0.0, 8.999999999999999e-08]"
1579257428461500354,,1668,,1579257428,461156856,"""base_link""",,0.285363978015,0.0568486200861,0.540657621035,-0.789319308812,"[1.0, 0.0, 0.0, 0.0, 1.0, 0.0, 0.0, 0.0, 1.0]",,0.372435837984,-1.7974947691,-0.487483590841,"[1.2184696791468346e-07, 0.0, 0.0, 0.0, 1.2184696791468346e-07, 0.0, 0.0, 0.0, 1.2184696791468346e-07]",,3.30484105,-5.12887795,8.0022264,"[8.999999999999999e-08, 0.0, 0.0, 0.0, 8.999999999999999e-08, 0.0, 0.0, 0.0, 8.999999999999999e-08]"
1579257428718057296,,1669,,1579257428,717895329,"""base_link""",,0.246080833762,0.171109620991,0.421172013802,-0.856025616234,"[1.0, 0.0, 0.0, 0.0, 1.0, 0.0, 0.0, 0.0, 1.0]",,1.54674494267,0.331651628017,1.70344471931,"[1.2184696791468346e-07, 0.0, 0.0, 0.0, 1.2184696791468346e-07, 0.0, 0.0, 0.0, 1.2184696791468346e-07]",,7.18827445,-3.2165812,9.9243298,"[8.999999999999999e-08, 0.0, 0.0, 0.0, 8.999999999999999e-08, 0.0, 0.0, 0.0, 8.999999999999999e-08]"
1579257428947111337,,1670,,1579257428,946959508,"""base_link""",,0.0206868019107,0.0536221198437,0.298762601785,-0.952595209029,"[1.0, 0.0, 0.0, 0.0, 1.0, 0.0, 0.0, 0.0, 1.0]",,1.244379282,1.89569616318,-0.307332247496,"[1.2184696791468346e-07, 0.0, 0.0, 0.0, 1.2184696791468346e-07, 0.0, 0.0, 0.0, 1.2184696791468346e-07]",,1.7063571,-0.2745862,11.11093445,"[8.999999999999999e-08, 0.0, 0.0, 0.0, 8.999999999999999e-08, 0.0, 0.0, 0.0, 8.999999999999999e-08]"
1579257429197334792,,1671,,1579257429,196964678,"""base_link""",,-0.0759590434187,-0.128997867793,0.35506906117,-0.922776102653,"[1.0, 0.0, 0.0, 0.0, 1.0, 0.0, 0.0, 0.0, 1.0]",,0.0227859131992,1.32888376713,-0.447176784277,"[1.2184696791468346e-07, 0.0, 0.0, 0.0, 1.2184696791468346e-07, 0.0, 0.0, 0.0, 1.2184696791468346e-07]",,-2.1378497,-0.1372931,9.26728425,"[8.999999999999999e-08, 0.0, 0.0, 0.0, 8.999999999999999e-08, 0.0, 0.0, 0.0, 8.999999999999999e-08]"
1579257429432548012,,1672,,1579257429,432391833,"""base_link""",,-0.0964985857226,-0.201717325433,0.37939463626,-0.897807247437,"[1.0, 0.0, 0.0, 0.0, 1.0, 0.0, 0.0, 0.0, 1.0]",,-0.0230002421886,0.149773672223,-0.178073719144,"[1.2184696791468346e-07, 0.0, 0.0, 0.0, 1.2184696791468346e-07, 0.0, 0.0, 0.0, 1.2184696791468346e-07]",,-4.40318585,0.02941995,8.03164635,"[8.999999999999999e-08, 0.0, 0.0, 0.0, 8.999999999999999e-08, 0.0, 0.0, 0.0, 8.999999999999999e-08]"
1579257429663157795,,1673,,1579257429,663021538,"""base_link""",,-0.0791190068582,-0.216746768414,0.389657163249,-0.891587525857,"[1.0, 0.0, 0.0, 0.0, 1.0, 0.0, 0.0, 0.0, 1.0]",,-0.305458724499,-0.193403363228,0.0306664817035,"[1.2184696791468346e-07, 0.0, 0.0, 0.0, 1.2184696791468346e-07, 0.0, 0.0, 0.0, 1.2184696791468346e-07]",,-4.903325,-0.196133,8.5317855,"[8.999999999999999e-08, 0.0, 0.0, 0.0, 8.999999999999999e-08, 0.0, 0.0, 0.0, 8.999999999999999e-08]"
1579257429906278880,,1674,,1579257429,905904250,"""base_link""",,-0.0441846161134,-0.219417902107,0.385551290805,-0.895127759648,"[1.0, 0.0, 0.0, 0.0, 1.0, 0.0, 0.0, 0.0, 1.0]",,-0.162473812699,0.1192176193,0.084211781621,"[1.2184696791468346e-07, 0.0, 0.0, 0.0, 1.2184696791468346e-07, 0.0, 0.0, 0.0, 1.2184696791468346e-07]",,-4.2756994,-1.0198916,8.79656505,"[8.999999999999999e-08, 0.0, 0.0, 0.0, 8.999999999999999e-08, 0.0, 0.0, 0.0, 8.999999999999999e-08]"
1579257430148752487,,1675,,1579257430,148596533,"""base_link""",,-0.0427038130129,-0.212809237284,0.416018111741,-0.883072784987,"[1.0, 0.0, 0.0, 0.0, 1.0, 0.0, 0.0, 0.0, 1.0]",,0.317658752203,-0.232656493783,-0.57027387619,"[1.2184696791468346e-07, 0.0, 0.0, 0.0, 1.2184696791468346e-07, 0.0, 0.0, 0.0, 1.2184696791468346e-07]",,-4.79545185,-0.7649187,8.60043205,"[8.999999999999999e-08, 0.0, 0.0, 0.0, 8.999999999999999e-08, 0.0, 0.0, 0.0, 8.999999999999999e-08]"
1579257430382780620,,1676,,1579257430,382630768,"""base_link""",,-0.031752468395,-0.103357851161,0.530117215005,-0.841002184129,"[1.0, 0.0, 0.0, 0.0, 1.0, 0.0, 0.0, 0.0, 1.0]",,0.713941812515,-1.68724727631,-0.953494012356,"[1.2184696791468346e-07, 0.0, 0.0, 0.0, 1.2184696791468346e-07, 0.0, 0.0, 0.0, 1.2184696791468346e-07]",,-3.0792881,-0.0588399,9.1594111,"[8.999999999999999e-08, 0.0, 0.0, 0.0, 8.999999999999999e-08, 0.0, 0.0, 0.0, 8.999999999999999e-08]"
1579257430636841116,,1677,,1579257430,636566609,"""base_link""",,0.0509977873991,0.139449996533,0.612160025496,-0.776667900284,"[1.0, 0.0, 0.0, 0.0, 1.0, 0.0, 0.0, 0.0, 1.0]",,0.600290358067,-2.12560248375,-0.452174186707,"[1.2184696791468346e-07, 0.0, 0.0, 0.0, 1.2184696791468346e-07, 0.0, 0.0, 0.0, 1.2184696791468346e-07]",,1.5102241,0.91201845,8.77695175,"[8.999999999999999e-08, 0.0, 0.0, 0.0, 8.999999999999999e-08, 0.0, 0.0, 0.0, 8.999999999999999e-08]"
1579257430876383045,,1678,,1579257430,876177043,"""base_link""",,0.147681510742,0.337091351258,0.563379524515,-0.739704740859,"[1.0, 0.0, 0.0, 0.0, 1.0, 0.0, 0.0, 0.0, 1.0]",,0.462390393019,-1.38186681271,0.877413511276,"[1.2184696791468346e-07, 0.0, 0.0, 0.0, 1.2184696791468346e-07, 0.0, 0.0, 0.0, 1.2184696791468346e-07]",,5.85457005,1.6867438,7.10982125,"[8.999999999999999e-08, 0.0, 0.0, 0.0, 8.999999999999999e-08, 0.0, 0.0, 0.0, 8.999999999999999e-08]"
1579257431116227433,,1679,,1579257431,116071997,"""base_link""",,0.1727363054,0.361825741437,0.388782563049,-0.829513363545,"[1.0, 0.0, 0.0, 0.0, 1.0, 0.0, 0.0, 0.0, 1.0]",,0.649610280991,0.916365742683,1.69380760193,"[1.2184696791468346e-07, 0.0, 0.0, 0.0, 1.2184696791468346e-07, 0.0, 0.0, 0.0, 1.2184696791468346e-07]",,7.85512665,0.63743225,6.9038816,"[8.999999999999999e-08, 0.0, 0.0, 0.0, 8.999999999999999e-08, 0.0, 0.0, 0.0, 8.999999999999999e-08]"
1579257431363218542,,1680,,1579257431,362841548,"""base_link""",,0.0778546092949,0.202464438687,0.311970148587,-0.924998074198,"[1.0, 0.0, 0.0, 0.0, 1.0, 0.0, 0.0, 0.0, 1.0]",,0.613712668419,1.8335750103,0.0330704078078,"[1.2184696791468346e-07, 0.0, 0.0, 0.0, 1.2184696791468346e-07, 0.0, 0.0, 0.0, 1.2184696791468346e-07]",,4.85429175,-0.30400615,8.69849855,"[8.999999999999999e-08, 0.0, 0.0, 0.0, 8.999999999999999e-08, 0.0, 0.0, 0.0, 8.999999999999999e-08]"
1579257431603803375,,1681,,1579257431,603628215,"""base_link""",,-0.0553055046807,0.0317574051211,0.338458598714,-0.93881763156,"[1.0, 0.0, 0.0, 0.0, 1.0, 0.0, 0.0, 0.0, 1.0]",,0.593049049377,1.67771995068,-0.87319123745,"[1.2184696791468346e-07, 0.0, 0.0, 0.0, 1.2184696791468346e-07, 0.0, 0.0, 0.0, 1.2184696791468346e-07]",,0.784532,0.46091255,10.48330885,"[8.999999999999999e-08, 0.0, 0.0, 0.0, 8.999999999999999e-08, 0.0, 0.0, 0.0, 8.999999999999999e-08]"
1579257431835167956,,1682,,1579257431,835028506,"""base_link""",,-0.193083021452,-0.10138057033,0.505194013217,-0.834996967537,"[1.0, 0.0, 0.0, 0.0, 1.0, 0.0, 0.0, 0.0, 1.0]",,0.831143379211,0.956040620804,-1.8643027544,"[1.2184696791468346e-07, 0.0, 0.0, 0.0, 1.2184696791468346e-07, 0.0, 0.0, 0.0, 1.2184696791468346e-07]",,-3.0204482,1.65732385,8.8063717,"[8.999999999999999e-08, 0.0, 0.0, 0.0, 8.999999999999999e-08, 0.0, 0.0, 0.0, 8.999999999999999e-08]"
1579257432086111738,,1683,,1579257432,85765488,"""base_link""",,-0.2862154935,-0.220833157431,0.655951175882,-0.662602039476,"[1.0, 0.0, 0.0, 0.0, 1.0, 0.0, 0.0, 0.0, 1.0]",,0.50227355957,0.987056553364,-1.73588705063,"[1.2184696791468346e-07, 0.0, 0.0, 0.0, 1.2184696791468346e-07, 0.0, 0.0, 0.0, 1.2184696791468346e-07]",,-5.9036033,0.6864655,6.6096821,"[8.999999999999999e-08, 0.0, 0.0, 0.0, 8.999999999999999e-08, 0.0, 0.0, 0.0, 8.999999999999999e-08]"
1579257432325976416,,1684,,1579257432,325837044,"""base_link""",,0.274566207989,0.238565298651,-0.775256276477,0.516408463808,"[1.0, 0.0, 0.0, 0.0, 1.0, 0.0, 0.0, 0.0, 1.0]",,0.759250760078,-1.27997171879,-1.25722146034,"[1.2184696791468346e-07, 0.0, 0.0, 0.0, 1.2184696791468346e-07, 0.0, 0.0, 0.0, 1.2184696791468346e-07]",,-8.7083052,-0.22555295,6.50180895,"[8.999999999999999e-08, 0.0, 0.0, 0.0, 8.999999999999999e-08, 0.0, 0.0, 0.0, 8.999999999999999e-08]"
1579257432556886698,,1685,,1579257432,556773481,"""base_link""",,0.0983059146769,0.030153998589,-0.882727370899,0.458496534528,"[1.0, 0.0, 0.0, 0.0, 1.0, 0.0, 0.0, 0.0, 1.0]",,1.22683823109,-2.31182765961,0.166513979435,"[1.2184696791468346e-07, 0.0, 0.0, 0.0, 1.2184696791468346e-07, 0.0, 0.0, 0.0, 1.2184696791468346e-07]",,-2.32417605,-1.01008495,9.40457735,"[8.999999999999999e-08, 0.0, 0.0, 0.0, 8.999999999999999e-08, 0.0, 0.0, 0.0, 8.999999999999999e-08]"
1579257432797750617,,1686,,1579257432,797440936,"""base_link""",,0.0470790075866,-0.223249640989,-0.804327084511,0.548635676898,"[1.0, 0.0, 0.0, 0.0, 1.0, 0.0, 0.0, 0.0, 1.0]",,1.91329264641,-0.00255218497477,1.68749976158,"[1.2184696791468346e-07, 0.0, 0.0, 0.0, 1.2184696791468346e-07, 0.0, 0.0, 0.0, 1.2184696791468346e-07]",,1.6279039,3.8245935,9.40457735,"[8.999999999999999e-08, 0.0, 0.0, 0.0, 8.999999999999999e-08, 0.0, 0.0, 0.0, 8.999999999999999e-08]"
1579257433041306877,,1687,,1579257433,41175947,"""base_link""",,0.134757347843,-0.284639354,-0.722746406945,0.615189829731,"[1.0, 0.0, 0.0, 0.0, 1.0, 0.0, 0.0, 0.0, 1.0]",,0.193658679724,0.525302290916,-0.450987577438,"[1.2184696791468346e-07, 0.0, 0.0, 0.0, 1.2184696791468346e-07, 0.0, 0.0, 0.0, 1.2184696791468346e-07]",,1.5298374,5.8643767,6.95291485,"[8.999999999999999e-08, 0.0, 0.0, 0.0, 8.999999999999999e-08, 0.0, 0.0, 0.0, 8.999999999999999e-08]"
1579257433270313940,,1688,,1579257433,270157020,"""base_link""",,0.204928999935,-0.264131450815,-0.720842582842,0.607144671753,"[1.0, 0.0, 0.0, 0.0, 1.0, 0.0, 0.0, 0.0, 1.0]",,0.20914748311,0.291532278061,-0.0746618434787,"[1.2184696791468346e-07, 0.0, 0.0, 0.0, 1.2184696791468346e-07, 0.0, 0.0, 0.0, 1.2184696791468346e-07]",,-0.14709975,6.668522,7.2373077,"[8.999999999999999e-08, 0.0, 0.0, 0.0, 8.999999999999999e-08, 0.0, 0.0, 0.0, 8.999999999999999e-08]"
1579257433528285964,,1689,,1579257433,527967745,"""base_link""",,0.215305376224,-0.283509980318,-0.720626808359,0.594947635598,"[1.0, 0.0, 0.0, 0.0, 1.0, 0.0, 0.0, 0.0, 1.0]",,0.226666718721,-0.1958655864,-0.0177549347281,"[1.2184696791468346e-07, 0.0, 0.0, 0.0, 1.2184696791468346e-07, 0.0, 0.0, 0.0, 1.2184696791468346e-07]",,0.1176798,6.7077486,6.99214145,"[8.999999999999999e-08, 0.0, 0.0, 0.0, 8.999999999999999e-08, 0.0, 0.0, 0.0, 8.999999999999999e-08]"
1579257433756059887,,1690,,1579257433,755878513,"""base_link""",,0.225716765515,-0.291832581506,-0.718403240893,0.589730845057,"[1.0, 0.0, 0.0, 0.0, 1.0, 0.0, 0.0, 0.0, 1.0]",,0.064205236733,0.171636119485,-0.0647458583117,"[1.2184696791468346e-07, 0.0, 0.0, 0.0, 1.2184696791468346e-07, 0.0, 0.0, 0.0, 1.2184696791468346e-07]",,0.2353596,7.05098135,6.6292954,"[8.999999999999999e-08, 0.0, 0.0, 0.0, 8.999999999999999e-08, 0.0, 0.0, 0.0, 8.999999999999999e-08]"
1579257434017631500,,1691,,1579257434,17512261,"""base_link""",,0.257382980908,-0.266960375176,-0.711826597607,0.596480556401,"[1.0, 0.0, 0.0, 0.0, 1.0, 0.0, 0.0, 0.0, 1.0]",,-0.040527254343,0.642774641514,-0.0165381506085,"[1.2184696791468346e-07, 0.0, 0.0, 0.0, 1.2184696791468346e-07, 0.0, 0.0, 0.0, 1.2184696791468346e-07]",,-0.18632635,7.1392412,6.71755525,"[8.999999999999999e-08, 0.0, 0.0, 0.0, 8.999999999999999e-08, 0.0, 0.0, 0.0, 8.999999999999999e-08]"
1579257434242658779,,1692,,1579257434,242341697,"""base_link""",,-0.341369722859,0.179309927032,0.676027083914,-0.627934745175,"[1.0, 0.0, 0.0, 0.0, 1.0, 0.0, 0.0, 0.0, 1.0]",,-0.237052321434,1.43510890007,-0.348013013601,"[1.2184696791468346e-07, 0.0, 0.0, 0.0, 1.2184696791468346e-07, 0.0, 0.0, 0.0, 1.2184696791468346e-07]",,-2.3732093,6.77639515,6.30567595,"[8.999999999999999e-08, 0.0, 0.0, 0.0, 8.999999999999999e-08, 0.0, 0.0, 0.0, 8.999999999999999e-08]"
1579257434485003853,,1693,,1579257434,484862462,"""base_link""",,-0.446642668533,-0.0267874924358,0.647508344558,-0.616867652436,"[1.0, 0.0, 0.0, 0.0, 1.0, 0.0, 0.0, 0.0, 1.0]",,-0.868346214294,1.83093607426,-0.958872497082,"[1.2184696791468346e-07, 0.0, 0.0, 0.0, 1.2184696791468346e-07, 0.0, 0.0, 0.0, 1.2184696791468346e-07]",,-5.5701772,5.57998385,4.9621649,"[8.999999999999999e-08, 0.0, 0.0, 0.0, 8.999999999999999e-08, 0.0, 0.0, 0.0, 8.999999999999999e-08]"
1579257434729206063,,1694,,1579257434,729074336,"""base_link""",,-0.418751314568,-0.272421696167,0.641159181915,-0.582536401825,"[1.0, 0.0, 0.0, 0.0, 1.0, 0.0, 0.0, 0.0, 1.0]",,-1.61856079102,0.0744194760919,-1.3250977993,"[1.2184696791468346e-07, 0.0, 0.0, 0.0, 1.2184696791468346e-07, 0.0, 0.0, 0.0, 1.2184696791468346e-07]",,-8.629852,2.1182364,3.46174745,"[8.999999999999999e-08, 0.0, 0.0, 0.0, 8.999999999999999e-08, 0.0, 0.0, 0.0, 8.999999999999999e-08]"
1579257434967502455,,1695,,1579257434,967344001,"""base_link""",,0.201437455883,0.38905947807,-0.683232171389,0.584165621951,"[1.0, 0.0, 0.0, 0.0, 1.0, 0.0, 0.0, 0.0, 1.0]",,-1.25900006294,-1.30604922771,-0.853663504124,"[1.2184696791468346e-07, 0.0, 0.0, 0.0, 1.2184696791468346e-07, 0.0, 0.0, 0.0, 1.2184696791468346e-07]",,-7.7668668,-2.6281822,4.8640984,"[8.999999999999999e-08, 0.0, 0.0, 0.0, 8.999999999999999e-08, 0.0, 0.0, 0.0, 8.999999999999999e-08]"
1579257435206535430,,1696,,1579257435,206361760,"""base_link""",,-0.0463395186153,0.331729781787,-0.717264785041,0.611014917191,"[1.0, 0.0, 0.0, 0.0, 1.0, 0.0, 0.0, 0.0, 1.0]",,-0.365780651569,-2.3642244339,-0.489729613066,"[1.2184696791468346e-07, 0.0, 0.0, 0.0, 1.2184696791468346e-07, 0.0, 0.0, 0.0, 1.2184696791468346e-07]",,-4.7268053,-4.81506515,6.080123,"[8.999999999999999e-08, 0.0, 0.0, 0.0, 8.999999999999999e-08, 0.0, 0.0, 0.0, 8.999999999999999e-08]"
1579257435446525508,,1697,,1579257435,446356914,"""base_link""",,0.248840613722,-0.12747377124,0.680111586993,-0.677699797732,"[1.0, 0.0, 0.0, 0.0, 1.0, 0.0, 0.0, 0.0, 1.0]",,0.451951831579,-2.25648903847,0.401275455952,"[1.2184696791468346e-07, 0.0, 0.0, 0.0, 1.2184696791468346e-07, 0.0, 0.0, 0.0, 1.2184696791468346e-07]",,1.4121576,-4.4129925,8.1983594,"[8.999999999999999e-08, 0.0, 0.0, 0.0, 8.999999999999999e-08, 0.0, 0.0, 0.0, 8.999999999999999e-08]"
1579257435691570271,,1698,,1579257435,691185643,"""base_link""",,0.305221420343,0.0369448328612,0.549845783419,-0.776623833233,"[1.0, 0.0, 0.0, 0.0, 1.0, 0.0, 0.0, 0.0, 1.0]",,0.978827118874,-0.846047461033,1.46304810047,"[1.2184696791468346e-07, 0.0, 0.0, 0.0, 1.2184696791468346e-07, 0.0, 0.0, 0.0, 1.2184696791468346e-07]",,4.32473265,-4.7660319,7.69822025,"[8.999999999999999e-08, 0.0, 0.0, 0.0, 8.999999999999999e-08, 0.0, 0.0, 0.0, 8.999999999999999e-08]"
1579257435928328917,,1699,,1579257435,928190551,"""base_link""",,0.175288996084,0.0202864243165,0.385986525706,-0.905470392014,"[1.0, 0.0, 0.0, 0.0, 1.0, 0.0, 0.0, 0.0, 1.0]",,1.34941697121,1.28239560127,1.53836655617,"[1.2184696791468346e-07, 0.0, 0.0, 0.0, 1.2184696791468346e-07, 0.0, 0.0, 0.0, 1.2184696791468346e-07]",,2.36340265,-2.87334845,8.99269805,"[8.999999999999999e-08, 0.0, 0.0, 0.0, 8.999999999999999e-08, 0.0, 0.0, 0.0, 8.999999999999999e-08]"
1579257436169479374,,1700,,1579257436,169301752,"""base_link""",,-0.0102987810775,-0.07992251588,0.360750146103,-0.929174719119,"[1.0, 0.0, 0.0, 0.0, 1.0, 0.0, 0.0, 0.0, 1.0]",,1.03661680222,0.574927985668,-0.801722466946,"[1.2184696791468346e-07, 0.0, 0.0, 0.0, 1.2184696791468346e-07, 0.0, 0.0, 0.0, 1.2184696791468346e-07]",,-1.46119085,-0.9022118,8.95347145,"[8.999999999999999e-08, 0.0, 0.0, 0.0, 8.999999999999999e-08, 0.0, 0.0, 0.0, 8.999999999999999e-08]"
1579257436421172715,,1701,,1579257436,420851258,"""base_link""",,-0.0973668203874,0.0376704709198,0.46587326417,-0.878671007625,"[1.0, 0.0, 0.0, 0.0, 1.0, 0.0, 0.0, 0.0, 1.0]",,1.0057092905,-1.21909368038,-0.427903294563,"[1.2184696791468346e-07, 0.0, 0.0, 0.0, 1.2184696791468346e-07, 0.0, 0.0, 0.0, 1.2184696791468346e-07]",,-1.32389775,2.1378497,10.42446895,"[8.999999999999999e-08, 0.0, 0.0, 0.0, 8.999999999999999e-08, 0.0, 0.0, 0.0, 8.999999999999999e-08]"
1579257436663143274,,1702,,1579257436,662993106,"""base_link""",,-0.0345714140956,0.068091963356,0.47099070664,-0.878826522194,"[1.0, 0.0, 0.0, 0.0, 1.0, 0.0, 0.0, 0.0, 1.0]",,-0.856536924839,-0.0815987884998,0.340588986874,"[1.2184696791468346e-07, 0.0, 0.0, 0.0, 1.2184696791468346e-07, 0.0, 0.0, 0.0, 1.2184696791468346e-07]",,-0.0196133,1.3533177,10.2773692,"[8.999999999999999e-08, 0.0, 0.0, 0.0, 8.999999999999999e-08, 0.0, 0.0, 0.0, 8.999999999999999e-08]"
1579257436889225653,,1703,,1579257436,889076261,"""base_link""",,-0.00787704508032,0.0453320035673,0.45644318281,-0.888562087014,"[1.0, 0.0, 0.0, 0.0, 1.0, 0.0, 0.0, 0.0, 1.0]",,-0.35599938035,0.128993168473,-0.104918815196,"[1.2184696791468346e-07, 0.0, 0.0, 0.0, 1.2184696791468346e-07, 0.0, 0.0, 0.0, 1.2184696791468346e-07]",,0.5295591,1.372931,11.1991943,"[8.999999999999999e-08, 0.0, 0.0, 0.0, 8.999999999999999e-08, 0.0, 0.0, 0.0, 8.999999999999999e-08]"
1579257437133131737,,1704,,1579257437,132801210,"""base_link""",,0.0151638666263,0.0234861280117,0.458137654288,-0.888441527993,"[1.0, 0.0, 0.0, 0.0, 1.0, 0.0, 0.0, 0.0, 1.0]",,-0.108046397567,-0.0357024483383,0.128618165851,"[1.2184696791468346e-07, 0.0, 0.0, 0.0, 1.2184696791468346e-07, 0.0, 0.0, 0.0, 1.2184696791468346e-07]",,0.32361945,0.2353596,10.1204628,"[8.999999999999999e-08, 0.0, 0.0, 0.0, 8.999999999999999e-08, 0.0, 0.0, 0.0, 8.999999999999999e-08]"
1579257437368625756,,1705,,1579257437,368471423,"""base_link""",,0.0106019256514,0.00365450251479,0.455055191122,-0.890392619476,"[1.0, 0.0, 0.0, 0.0, 1.0, 0.0, 0.0, 0.0, 1.0]",,0.225164145231,-0.0727675482631,-0.0960298553109,"[1.2184696791468346e-07, 0.0, 0.0, 0.0, 1.2184696791468346e-07, 0.0, 0.0, 0.0, 1.2184696791468346e-07]",,-2.5105024,-0.79433865,11.48358715,"[8.999999999999999e-08, 0.0, 0.0, 0.0, 8.999999999999999e-08, 0.0, 0.0, 0.0, 8.999999999999999e-08]"
1579257437618549504,,1706,,1579257437,618188776,"""base_link""",,0.00543277489224,0.00671202773675,0.452750236159,-0.891595568236,"[1.0, 0.0, 0.0, 0.0, 1.0, 0.0, 0.0, 0.0, 1.0]",,-0.126782357693,-0.0480328090489,-0.0884493291378,"[1.2184696791468346e-07, 0.0, 0.0, 0.0, 1.2184696791468346e-07, 0.0, 0.0, 0.0, 1.2184696791468346e-07]",,-0.2745862,-0.0784532,9.69877685,"[8.999999999999999e-08, 0.0, 0.0, 0.0, 8.999999999999999e-08, 0.0, 0.0, 0.0, 8.999999999999999e-08]"
1579257437846135187,,1707,,1579257437,845948305,"""base_link""",,0.000137949083337,0.00984172071029,0.452024980157,-0.891950973326,"[1.0, 0.0, 0.0, 0.0, 1.0, 0.0, 0.0, 0.0, 1.0]",,-0.0947078317404,0.0111568411812,0.0531098470092,"[1.2184696791468346e-07, 0.0, 0.0, 0.0, 1.2184696791468346e-07, 0.0, 0.0, 0.0, 1.2184696791468346e-07]",,-0.4903325,0.196133,9.8458766,"[8.999999999999999e-08, 0.0, 0.0, 0.0, 8.999999999999999e-08, 0.0, 0.0, 0.0, 8.999999999999999e-08]"
1579257438096034087,,1708,,1579257438,95891749,"""base_link""",,0.000435178822953,0.00964262232909,0.45213115785,-0.891899235651,"[1.0, 0.0, 0.0, 0.0, 1.0, 0.0, 0.0, 0.0, 1.0]",,0.0119123933837,-0.00614113453776,-0.0090802796185,"[1.2184696791468346e-07, 0.0, 0.0, 0.0, 1.2184696791468346e-07, 0.0, 0.0, 0.0, 1.2184696791468346e-07]",,-0.14709975,0.4511059,9.63993695,"[8.999999999999999e-08, 0.0, 0.0, 0.0, 8.999999999999999e-08, 0.0, 0.0, 0.0, 8.999999999999999e-08]"
1579257438336777756,,1709,,1579257438,336533774,"""base_link""",,0.000142494407437,0.0095136457029,0.451552306965,-0.892193916318,"[1.0, 0.0, 0.0, 0.0, 1.0, 0.0, 0.0, 0.0, 1.0]",,0.0143346022815,-0.00934083852917,-0.0257259830832,"[1.2184696791468346e-07, 0.0, 0.0, 0.0, 1.2184696791468346e-07, 0.0, 0.0, 0.0, 1.2184696791468346e-07]",,-0.30400615,0.2941995,9.79684335,"[8.999999999999999e-08, 0.0, 0.0, 0.0, 8.999999999999999e-08, 0.0, 0.0, 0.0, 8.999999999999999e-08]"
1579257438581252918,,1710,,1579257438,581095487,"""base_link""",,-4.87601877293e-05,0.00935824985396,0.451012710366,-0.892468462115,"[1.0, 0.0, 0.0, 0.0, 1.0, 0.0, 0.0, 0.0, 1.0]",,0.012579950504,0.000945464416873,-0.0165021661669,"[1.2184696791468346e-07, 0.0, 0.0, 0.0, 1.2184696791468346e-07, 0.0, 0.0, 0.0, 1.2184696791468346e-07]",,-0.2745862,0.4707192,9.7674234,"[8.999999999999999e-08, 0.0, 0.0, 0.0, 8.999999999999999e-08, 0.0, 0.0, 0.0, 8.999999999999999e-08]"
